이름,자치구,위도,경도
명동성당.남대문세무서,중구,37.5649848069,126.9875299251
국가인권위.안중근활동터,중구,37.5643504711,126.9878515151
서울역버스환승센터,중구,37.5551460158,126.9722570849
서울역버스환승센터,중구,37.5554029828,126.9725924801
서울역버스환승센터,중구,37.555388989,126.9727238221
서울역버스환승센터,중구,37.5554794133,126.9728547738
서울역버스환승센터.강우규의거터,중구,37.5554141603,126.9729402621
숭례문,중구,37.5586388574,126.9737783904
서울시청,중구,37.5661382638,126.9806320857
만리동고개,중구,37.551787064,126.9626582054
손기정체육공원입구,중구,37.5544459527,126.9662339013
서울의료보건고등학교.서울역서부,중구,37.5558478973,126.9689026242
서울역서부,중구,37.556237644,126.9691514463
서울역서부,중구,37.555855,126.969293
중림동교차로,중구,37.5583836266,126.9691354395
중림동.충정로역2호선,중구,37.559839,126.964879
한국경제신문사.서소문역사공원,중구,37.5602111497,126.9678680149
한국경제신문사.서소문역사공원,중구,37.5606234736,126.9681135141
경찰청.동북아역사재단,중구,37.5630494858,126.9691267228
장충동써미트호텔,중구,37.5622736605,127.0066750078
농협은행.유관순활동터,중구,37.5649062803,126.9677868059
염천교,중구,37.5598696316,126.97311408
숭례문,중구,37.5584010617,126.97335794
숭례문.한국일보,중구,37.5587713091,126.9737375955
후암삼거리,중구,37.5534055956,126.9759937564
숭례문,중구,37.5587633765,126.974362745
숭례문,중구,37.5584195299,126.9740436876
숭례문.서울역4번출구,중구,37.5580006528,126.9736279452
숭례문.남대문시장8번출입구,중구,37.5588723988,126.9759976615
숭례문남산방향,중구,37.5585581643,126.9756720863
남대문시장.신세계앞,중구,37.561191081,126.9800597585
북창동.남대문시장,중구,37.561273,126.978555
소공동주민센터,중구,37.562197167,126.97644367
삼성본관앞,중구,37.5620517519,126.9759075283
시청역8번출구,중구,37.562764205,126.976148714
시청역9번출구.시청서소문2청사,중구,37.5631901447,126.9746522037
시청역11번출구,중구,37.563722,126.975314
시청.서소문청사,중구,37.5635248407,126.9749539314
광교,중구,37.5681069154,126.9828444051
서울신문사,중구,37.5683632936,126.9773647051
명동성당,중구,37.564974163,126.9874193795
우리은행종로지점,중구,37.5678390393,126.9828658628
롯데백화점,중구,37.5645069796,126.9822069938
소공동.롯데영플라자,중구,37.5628907847,126.9815478394
명동.롯데영플라자,중구,37.562885,126.982008
명동입구B,중구,37.5644247651,126.9823981134
신세계백화점,중구,37.561127344,126.9814315438
남대문시장.회현역,중구,37.5582675237,126.9777650546
남대문시장.회현역,중구,37.5584920257,126.9784645011
남산3호터널,중구,37.5583104538,126.9827404025
남산3호터널.정화예술대학교,중구,37.5595260891,126.9826359346
명동역4번출구,중구,37.560657849,126.9849157703
퇴계로2가.명동역5번출구,중구,37.5609325805,126.9843582953
충무로역.한옥마을.한국의집,중구,37.5612508237,126.9917771969
충무로역.한옥마을.한국의집,중구,37.5609019668,126.9924098253
충무로역2번출구,중구,37.5612375854,126.9947285429
충무로역8번출구,중구,37.5620371603,126.9964921507
초동,중구,37.5633461766,126.9931119513
을지로입구.로얄호텔,중구,37.5658757422,126.9853902774
을지로입구.시청입구,중구,37.5661382638,126.9811712097
을지로2가.기업은행본점.서울노동청,중구,37.566246226,126.9865233528
을지로2가.파인에비뉴,중구,37.5660727123,126.988670826
을지로3가,중구,37.5663729806,126.9902600103
을지로3가,중구,37.5661389597,126.9914237666
을지로4가,중구,37.5666841559,126.9959336364
을지로4가.베스트웨스턴국도,중구,37.5664010399,126.9968473297
중구청앞.덕수중학교,중구,37.564717315,126.9981484996
방산시장.을지로4가역6번출구,중구,37.5668182855,126.999258524
을지로5가.중부시장,중구,37.5666200422,127.0011150411
방산시장.훈련원종합체육관,중구,37.5679608485,127.0024044565
을지로5가,중구,37.5658243542,127.0025945654
을지로6가.국립중앙의료원,중구,37.5661698346,127.0062316194
동대문역사문화공원역8번출구,중구,37.5650528273,127.0072096931
동대문역사문화공원역9번출구,중구,37.5651725525,127.0077222561
을지로6가.국립중앙의료원,중구,37.5664631128,127.0058434821
동대문역사문화공원,중구,37.5673541422,127.0083555318
동대문역사문화공원,중구,37.5674835037,127.0091685169
중구보건소.충무아트센터,중구,37.5651675256,127.0135231437
중구보건소.충무아트센터,중구,37.5650178857,127.0147408667
성동공업고등학교(무궁화회관),중구,37.5683481924,127.0157558376
성동공업고등학교앞,중구,37.5686950625,127.0161294881
신당역1번출구.서울중앙시장,중구,37.5657282804,127.0187426545
신당역4번출구.서울중앙시장,중구,37.5654920748,127.0194795301
성동고등학교건너,중구,37.5655941894,127.0221821569
신당5동주민센터.성동고등학교,중구,37.5652410933,127.0223979004
신당누리센터.신당동떡볶이타운,중구,37.5627954621,127.0150959791
신당동떡볶이타운.중구여성플라자,중구,37.5623100443,127.0151908517
청구초등학교.청구역,중구,37.5589483023,127.0132161263
장충초등학교.청구역,중구,37.559257398,127.0130316796
약수역2번출구.가온도서관,중구,37.5557929112,127.0110429415
약수역3번출구.약수하이츠,중구,37.5557496102,127.0113796895
약수역4번출구.금호터널입구,중구,37.553399,127.012012
약수역5번출구.금호터널입구,중구,37.55292373,127.0118693353
약수역8번출구.신당사회복지관,중구,37.5538646495,127.0099566945
약수역7번출구.약수동주민센터,중구,37.5528509718,127.0092978444
송도병원,중구,37.5502676468,127.0077186988
송도병원건너,중구,37.550227118,127.0073984027
약수역1번출구,중구,37.556252533,127.009755648
장충체육관앞,중구,37.5583362176,127.0080610837
장충체육관앞,중구,37.5580017329,127.0078281581
장충동.동국대입구,중구,37.560621324,127.00590981
장충동.동국대입구,중구,37.5606663921,127.0056290943
퇴계로6가,중구,37.5634011312,127.0039011095
퇴계로6가.광희동주민센터,중구,37.5635284386,127.00337576
퇴계로5가.충무초등학교,중구,37.5623804057,126.9999660413
퇴계로5가.중구청,중구,37.5627804223,126.9997252277
국립극장.반얀트리호텔,중구,37.551481823,127.001094708
국립극장.반얀트리호텔,중구,37.5515339575,127.0007525635
청구역2번출구.흥인초등학교,중구,37.5599600605,127.014656108
청구역3번출구,중구,37.5599303778,127.014219181
동화동.청구이편한세상,중구,37.5600244709,127.018125822
청구동.신당동삼성아파트,중구,37.5598126778,127.0182736903
백범광장,중구,37.555737,126.980093
남대문경찰서.서울역10번출구,중구,37.554128189,126.9738404394
남대문시장앞.이회영활동터,중구,37.5609394169,126.978580386
남산케이블카.남산산책로입구,중구,37.5552651842,126.9839798009
동대입구역.장충동,중구,37.558362,127.005445
약수역10번출구,중구,37.556256,127.009322
청계1가.광교,중구,37.5685707852,126.9833922386
청계2가.삼일교,중구,37.5678404706,126.9885301722
청계4가.배오개다리,중구,37.5684843738,126.9971755363
청계5가.방산시장,중구,37.5692149555,127.0008265972
청계6가.평화시장,중구,37.5694411915,127.0043806283
청계7가.동평화.청평화시장,중구,37.5695135434,127.0138508174
청계8가.영도교,중구,37.5707259153,127.0189971981
신한은행본점,중구,37.5611965482,126.975585201
퇴계로2가.명동역7번출구,중구,37.560988,126.985336
광희동.동대문역사문화공원역,중구,37.5654113309,127.0091092289
다산동.버티고개역1번출구,중구,37.5478041512,127.0060242348
버티고개역.남산타운아파트,중구,37.547650494,127.0061899379
청계3가.관수교,중구,37.5682134567,126.9929650755
청계6가.오간수교,중구,37.5694851752,127.0090361408
충무로역7번출구,중구,37.561690572,126.9933889105
을지로입구역.광교,중구,37.5676492567,126.9825656304
청계광장,중구,37.569011,126.978207
신당파인힐하나유보라,중구,37.5649809794,127.0248560363
명동입구,중구,37.5647227393,126.982474445
남산북측순환로입구,중구,37.5506986166,126.9988218165
금호중학교.신당동삼성아파트,중구,37.5585545048,127.0187298806
금호중학교.신당푸르지오아파트,중구,37.5578078339,127.019288178
황학동주민센터,중구,37.5668556166,127.0234023516
신당초등학교앞,중구,37.5644813411,127.0239172657
신당래미안하이베르.금호베스트빌,중구,37.5616452068,127.0240513307
금호베스트빌.신당래미안하이베르,중구,37.5622544456,127.0243472269
신당초등학교,중구,37.5645028357,127.024240415
방산종합시장,중구,37.5678058693,127.0019301271
황학동롯데캐슬,중구,37.5716601701,127.0220339686
광희문.광희동사거리,중구,37.5645499236,127.0086110484
광희문.광희동사거리,중구,37.5644016142,127.009677887
황학동롯데캐슬,중구,37.5708197498,127.0232958633
한국은행앞,중구,37.561408112,126.9792899798
서울기동대.광희초등학교,중구,37.5679222068,127.0144829458
동대문역사문화공원동문,중구,37.567700749,127.0119962039
서대문역사거리.농협중앙회,중구,37.5668848609,126.9679802656
서울역9번출구.서울스퀘어빌딩앞,중구,37.555341632,126.97323173
북창동.남대문시장,중구,37.5608462911,126.9769187336
남산공원.구힐튼호텔,중구,37.5563677408,126.976567168
남산공원.구힐튼호텔,중구,37.5566267411,126.9767113404
시청앞.덕수궁,중구,37.5662122834,126.9768355729
남대문세무서.국가인권위원회,중구,37.5650839621,126.987866112
장충문화체육센터.권기옥활동터,중구,37.5601745008,127.0025921056
남산1호터널,중구,37.5574051765,126.9921666231
남산예장버스환승주차장,중구,37.55974,126.989289
약수역.3.6호선,중구,37.5533046573,127.011705637
조선일보,중구,37.5687339805,126.976883066
시청역,중구,37.566031,126.97701
서울역,중구,37.5581897679,126.9714245129
숭례문앞,중구,37.5615164368,126.976236105
시청역1호선.서울시청,중구,37.5673960903,126.977339075
신당역하나은행,중구,37.5654231103,127.0215878668
염천교,중구,37.5597925744,126.9711136524
한국경제신문사,중구,37.5609334062,126.9679526472
서울방송고등학교.남산타운아파트,중구,37.5495860191,127.012409789
서울방송고등학교.남산타운아파트,중구,37.5496119425,127.0122783521
중구청소년센터.남산타운2상가,중구,37.5516549062,127.012751162
중구청소년센터.남산타운2상가,중구,37.5519027425,127.0121655599
약수시장.남산타운동문,중구,37.5517332168,127.0108500123
약수지구대,중구,37.5528410964,127.0119577646
남대문시장,중구,37.5614284556,126.979397311
을지로입구역롯데호텔,중구,37.5658047183,126.9803053067
소공동웨스틴조선호텔,중구,37.5645178283,126.9796461336
서울광장,중구,37.565352,126.978885
광화문코리아나호텔,중구,37.5684013914,126.97690745
서소문KAL빌딩,중구,37.5633387369,126.9743182567
동국대입구.앰배서더호텔,중구,37.5597717116,127.0026102024
광화문,중구,37.5687990002,126.9769067873
시청.덕수궁,중구,37.566254,126.976921
바비엥스위트,중구,37.5651089852,126.9676372948
서울역,중구,37.5578195556,126.9728595843
명동역.세종호텔,중구,37.5610860085,126.9864492986
충무로역.호텔피제이,중구,37.5617180187,126.9955605031
남대문시장,중구,37.560967378,126.9787309255
이비스엠버서더호텔,중구,37.5643534324,126.9823877131
프레이저플레이스,중구,37.5628476779,126.9692683016
아카시아호텔.웨스턴코업레지던스,중구,37.5665506121,127.0034786985
을지로코업레지던스,중구,37.5662333554,127.0053974501
토요코인호텔.이비스버젯호텔,중구,37.5645913489,127.0089472544
약수역,중구,37.5537889625,127.0098978294
남산밀레니엄힐튼호텔,중구,37.5554665731,126.9759752961
서울역,중구,37.5580158041,126.9720456834
숭례문라마다&스위트호텔,중구,37.5606109591,126.9720684843
시청역더플라자호텔,중구,37.564836,126.978066
시청.서울신문사,중구,37.568299316,126.9773647244
프레이저플레이스남대문,중구,37.5613760047,126.9762665716
프레이저플레이스남대문,중구,37.5610667807,126.9755365701
동대문역사문화공원,중구,37.5653851887,127.009245066
광희동더스프라지르서울동대문,중구,37.5647333277,127.0075552593
동대문디자인플라자DDP,중구,37.5678529085,127.009213839
베이튼호텔,중구,37.5649993215,127.0026364414
광화문,중구,37.5689435666,126.9768853297
덕수궁,중구,37.566106,126.976925
남대문시장,중구,37.5609231539,126.9753967375
명동,중구,37.5607583289,126.9856194882
남산골한옥마을,중구,37.5609950561,126.9924383581
앰버서더호텔,중구,37.5604635042,127.0026253879
신라호텔,중구,37.5583034007,127.0054272005
동대문디자인플라자.동대문시장,중구,37.5668754028,127.0085549376
동대문디자인프라자,중구,37.5677625606,127.0091304267
방산.중부시장,중구,37.5668568761,126.9994422877
을지로3가,중구,37.5665349097,126.9923255915
을지로입구,중구,37.5661309607,126.981001305
명동입구,중구,37.5641526235,126.9823015539
신당동중앙시장,중구,37.5657553187,127.0194166277
남산오르미,중구,37.5581940477,126.9831348601
남산서울타워,중구,37.5510144684,126.9911947846
남산서울타워,중구,37.5511419911,126.9909861872
경찰청.동북아역사재단,중구,37.5624764161,126.9692243077
경찰청.동북아역사재단,중구,37.564312,126.968047
봉림교,관악구,37.4847770708,126.9245166934
신대방역,관악구,37.4866047302,126.9130382377
신대방역,관악구,37.486768682,126.9129713295
봉천고개.관악현대아파트,관악구,37.4913451421,126.956601184
구로디지털단지역,관악구,37.4839345974,126.9024471276
구로디지털단지역,관악구,37.4839770128,126.9024669147
사당자동차학원,관악구,37.471427,126.983217
사당역,관악구,37.4748233089,126.9817223705
서울미술고.인헌중고,관악구,37.4764663412,126.9655544411
낙성대입구,관악구,37.4779096847,126.9618756708
행운동주민센터,관악구,37.4798444396,126.9568690307
서울대입구역5번출구,관악구,37.4816281486,126.951014176
KT관악지점,관악구,37.4820390166,126.9471913134
봉천역.관악초등학교,관악구,37.4824403435,126.9431518504
KT&G관악지점,관악구,37.4844754738,126.9373129096
신림사거리.신림역,관악구,37.4841492836,126.9278542438
남부초등학교,관악구,37.4834020208,126.922044754
호림박물관,관악구,37.4827231582,126.9183765847
난곡입구,관악구,37.4822370031,126.915722964
관악구보훈회관.신림푸르지오,관악구,37.481361666,126.9112396639
천주교성령봉사회관.등불교회,관악구,37.4807554146,126.9079578883
KT구로지사,관악구,37.4802646679,126.9049986272
난곡입구,관악구,37.4819399662,126.9161388018
남서울중학교.성보중고등학교,관악구,37.4828195546,126.9210108639
신림사거리.신림역,관악구,37.483817804,126.9280626243
KT&G관악지점,관악구,37.484533,126.936125
봉천역.관악초등학교,관악구,37.4820551447,126.9431153969
KT관악지점,관악구,37.4814828857,126.9484610699
서울대입구역1번출구.샤로수길,관악구,37.4803684653,126.9545837877
낙성대동,관악구,37.4792747849,126.9573911237
낙성대입구,관악구,37.4778444821,126.9608874889
인헌중고.서울미술고,관악구,37.4756534429,126.9666239506
예술인마을.사당초등학교,관악구,37.4759368363,126.9738846758
남서울농협남현동지점,관악구,37.476370961,126.9773008972
서울대학교,관악구,37.4667414611,126.9479522861
서울대학교,관악구,37.4668539107,126.9488427043
서울여상.서울문영여중고앞,관악구,37.4731604796,126.9533001437
관악구청,관악구,37.4779819797,126.9524977507
봉천사거리.봉천중앙시장,관악구,37.4828873794,126.9542258337
봉원중학교.행운동우성아파트,관악구,37.4849010896,126.9559128703
관악푸르지오아파트,관악구,37.4877034434,126.9581660971
성현동동아아파트,관악구,37.488401645,126.957732596
봉원중학교.행운동우성아파트,관악구,37.4848580279,126.955335791
봉천사거리.봉천중앙시장,관악구,37.4831545464,126.9538387042
관악구청,관악구,37.4793471271,126.9521875661
관악경찰서.관악소방서,관악구,37.475253,126.952572
서울여상.서울문영여중고앞,관악구,37.473002,126.952845
신림중.삼성고.관악아트홀?도서관,관악구,37.470352,126.944412
서울산업정보학교.삼성교,관악구,37.4710142867,126.941124806
신성초등학교,관악구,37.4710779706,126.9374233711
서울대벤처타운역1번출구,관악구,37.473206969,126.933686278
쑥고개입구,관악구,37.4761917072,126.9374950813
서원역1번출구.신관중학교,관악구,37.4786498144,126.9323856945
신림사거리,관악구,37.4819257882,126.9300715056
신림동별빛거리입구,관악구,37.4858478867,126.9296319572
당곡역.보라매공원.보라매병원,관악구,37.4904418111,126.9276205633
당곡역2번출구.롯데백화점관악점,관악구,37.4900092446,126.9274852912
신림동별빛거리입구,관악구,37.4864151799,126.929060426
신림사거리,관악구,37.482767098,126.9296377666
서원역,관악구,37.4779185578,126.9327230039
서림동주민센터.신화단지,관악구,37.4755291616,126.9363417324
서울대벤처타운역.삼성동시장,관악구,37.4727127526,126.9329597367
대학동고시촌입구,관악구,37.470538,126.938381
서울산업정보학교.삼성교,관악구,37.470573816,126.9420276971
관악산입구.관악아트홀?중앙도서관,관악구,37.4677578665,126.9468707158
당곡역.당곡사거리.롯데백화점,관악구,37.4910041432,126.9270746638
사당역4번출구,관악구,37.4755408508,126.9813590372
남현동홈플러스앞,관악구,37.472373,126.98253
남태령역,관악구,37.46557,126.987784
낙성대입구,관악구,37.4782931407,126.9579938257
삼성동주민센터,관악구,37.4700056074,126.9330211856
미림고개,관악구,37.4681128919,126.9319828921
미림여고.미림마이스터고등학교,관악구,37.465641,126.931333
신우초등학교,관악구,37.462487,126.93169
삼성산성지,관악구,37.458825,126.929865
산장아파트,관악구,37.459955,126.927725
삼성산주공아파트,관악구,37.461345,126.925109
산복터널.관악산휴먼시아2단지,관악구,37.458697,126.922015
산복터널.관악산휴먼시아2단지,관악구,37.4590812203,126.9225758449
삼성산주공아파트,관악구,37.4611062672,126.9250910137
산장아파트,관악구,37.4597961436,126.9275003475
삼성산성지,관악구,37.4586127523,126.9298863649
신우초등학교,관악구,37.4624107186,126.9319560545
미림여고.미림마이스터고등학교,관악구,37.4651129483,126.9316212418
미림고개.고시촌입구,관악구,37.4677922169,126.9320992763
서울대벤처타운역,관악구,37.4706929498,126.9335914518
쑥고개,관악구,37.478535389,126.9403975075
e편한세상서울대입구아파트,관악구,37.4795321814,126.9428290096
영락고교.영락의료과학고,관악구,37.4792126295,126.9456223075
생모리츠타운,관악구,37.479050171,126.947758707
관악구청,관악구,37.4787271125,126.9507973533
생모리츠타운,관악구,37.4792461009,126.9476681239
영락고교.영락의료과학고,관악구,37.4793964639,126.9456413962
e편한세상서울대입구아파트,관악구,37.4797304539,126.9429334382
쑥고개,관악구,37.4786269166,126.94012124
은천교,관악구,37.4862741791,126.9358192432
봉일시장,관악구,37.4861847891,126.9387053001
은천초등학교,관악구,37.486084336,126.9424344854
두산.벽산아파트.서울관광고등학교,관악구,37.4867862492,126.945256088
현대시장앞,관악구,37.486735,126.947932
관악동부센트레빌아파트앞,관악구,37.4862395065,126.951997229
중앙동성당앞,관악구,37.4858038301,126.9546624721
중앙동성당앞,관악구,37.4859234164,126.9551938213
관악동부센트레빌아파트앞,관악구,37.4864744102,126.95130163
벽산.두산아파트.서울관광고등학교,관악구,37.4869646301,126.9451745389
은천초등학교,관악구,37.4863200172,126.942448318
봉일시장,관악구,37.4862623399,126.9389872733
은천교,관악구,37.4864887267,126.9355505303
신림청소년독서실.신림체육센터,관악구,37.480922,126.914797
난곡우체국사거리,관악구,37.4771890136,126.915601446
신일교회앞.도깨비시장,관악구,37.4754531432,126.9167650134
세이브마트앞,관악구,37.47385703,126.918037
남강중고등학교입구,관악구,37.4722574159,126.9195218742
우림시장.난곡보건분소,관악구,37.4705471261,126.9200007204
난우중학교입구,관악구,37.4666919669,126.92054078
신림복지관앞,관악구,37.4652824875,126.9196773902
신림복지관앞,관악구,37.465357,126.919495
난우중학교입구,관악구,37.467392,126.920348
우림시장.난곡보건분소,관악구,37.470667112,126.9197417798
남강중고등학교입구,관악구,37.4725557947,126.9191422392
세이브마트앞,관악구,37.4739579362,126.9174336686
신일교회앞.도깨비시장,관악구,37.475399,126.916574
난곡우체국사거리,관악구,37.4769808612,126.9154305767
신림청소년독서실.신림체육센터,관악구,37.480315301,126.9146624536
KT구로지사,관악구,37.4812745555,126.90539986
골목시장앞,관악구,37.4815094057,126.9053800168
조원동주민센터,관악구,37.4834358832,126.9074141948
조원동주민센터,관악구,37.483184422,126.9070563124
신대방역,관악구,37.4865794735,126.9130032118
신대방역,관악구,37.4866700184,126.9126962022
보라매공원입구,관악구,37.4891229048,126.9174897386
보라매공원입구,관악구,37.489435269,126.9178010867
보라매파크뷰아파트,관악구,37.4896486343,126.9220386039
롯데관악점,관악구,37.4897262326,126.9251647188
롯데관악점,관악구,37.4901297758,126.9257070748
당곡역,관악구,37.4892995107,126.9270622168
당곡중학교,관악구,37.488084986,126.9305421031
당곡중학교,관악구,37.487948574,126.9319168564
봉현초등학교,관악구,37.4907157496,126.9554672808
동아아파트105동앞,관악구,37.49052765,126.955414395
관악드림타운115동,관악구,37.490522127,126.9527938777
관악드림타운115동,관악구,37.490144527,126.9530108571
관악드림타운북문,관악구,37.491600782,126.951276815
관악드림타운북문,관악구,37.4915440732,126.9510801201
구암중학교,관악구,37.4924641868,126.9483401995
구암중학교,관악구,37.4922862923,126.9484647078
벽산아파트.적십자남부봉사관,관악구,37.492953,126.946532
벽산아파트.적십자남부봉사관,관악구,37.4930533731,126.9461601934
벽산블루밍벽산아파트303동앞,관악구,37.4919397992,126.944368715
구로디지털단지역,관악구,37.4838240234,126.9026875907
현대시장,관악구,37.4868811315,126.947836543
서울대입구역2번출구,관악구,37.4801109505,126.9527297656
신봉초등학교입구,관악구,37.4841900104,126.9468251624
구암초등학교,관악구,37.4891880904,126.9461216984
은천동벽산블루밍아파트105동,관악구,37.4893681933,126.9458637343
은천동두산아파트3단지,관악구,37.484358827,126.9465536842
봉일시장,관악구,37.4850728694,126.9372434322
봉천역,관악구,37.4832362109,126.942119674
현대시장,관악구,37.4876789537,126.9465909455
현대시장,관악구,37.4874402599,126.9465203946
관악우체국.에이치플러스양지병원,관악구,37.4848480554,126.933156959
관악우체국.에이치플러스양지병원,관악구,37.4844524654,126.9331482652
보라매삼성아파트.모자원고개,관악구,37.4945144044,126.9273975559
조원힐스테이트뉴포레아파트,관악구,37.4835747238,126.9061605387
관악산휴먼시아.신림푸르지오2차,관악구,37.460381143,126.919522697
관악산휴먼시아아파트1단지입구,관악구,37.4609276261,126.9219633037
관악산휴먼시아아파트1단지입구,관악구,37.4609929949,126.9216300665
난향동주민센터,관악구,37.461001,126.919167
서울대정문,관악구,37.4657347092,126.9483888926
법대.사회대입구,관악구,37.462798,126.948992
자연대.행정관입구,관악구,37.4602745925,126.9488328413
농생대,관악구,37.4571629782,126.9491669695
공대입구,관악구,37.4549310083,126.9498437849
신소재,관악구,37.4534963067,126.9502261839
제2공학관,관악구,37.4487952024,126.9520772668
유회진학술정보관.제1공학관,관악구,37.451283,126.952595
유전공학연구소.반도체공동연구소,관악구,37.4540103657,126.9539020813
교수회관입구,관악구,37.4560708573,126.9553487986
관악사삼거리,관악구,37.4607880575,126.9567262582
국제대학원,관악구,37.46418,126.955263
수의대입구.보건대학원앞,관악구,37.466119,126.954632
경영대.행정대학원,관악구,37.466135,126.952053
경영대.행정대학원,관악구,37.465863,126.951012
수의대입구.보건대학원앞,관악구,37.465773,126.954672
국제대학원,관악구,37.46371,126.954927
관악사삼거리,관악구,37.460528,126.95666
공동기기원,관악구,37.4551189492,126.9544665701
유전공학연구소.반도체공동연구소,관악구,37.4537476916,126.9535516289
에너지자원신기술연구소,관악구,37.4535952522,126.9522141729
공대입구,관악구,37.4553640041,126.949896448
농생대,관악구,37.4571128404,126.9493877458
자연대.행정관입구,관악구,37.4599898135,126.9489559518
문화관입구,관악구,37.4614868493,126.9494503629
법대.사회대입구,관악구,37.46326,126.949075
서울대정문,관악구,37.4653754725,126.9486357857
우방아파트,관악구,37.489233,126.919247
은천성결교회,관악구,37.4883272437,126.9214262581
남부초교후문,관악구,37.4867197461,126.9226406129
봉림교,관악구,37.4849717829,126.9246318378
남부초교후문,관악구,37.4864491785,126.9222366697
청담고시원,관악구,37.4716612193,126.9399508583
우리슈퍼,관악구,37.4722845735,126.9393706575
명호고시원,관악구,37.4733194431,126.938860909
동작마트,관악구,37.4742815521,126.938356196
제일성도교회,관악구,37.4748334585,126.9404392562
삼양슈퍼,관악구,37.4751039806,126.9420665874
금성마트용천사,관악구,37.4750292676,126.942807788
삼양슈퍼,관악구,37.4749343135,126.9421136493
제일성도교회,관악구,37.4746577628,126.9404789678
동작마트,관악구,37.4749391205,126.9380334582
고시촌입구,관악구,37.4705489387,126.9376643153
대학동치안센터,관악구,37.4690418042,126.9376455022
대학동노인정,관악구,37.46735,126.93757
금호타운아파트,관악구,37.4657396064,126.9376595486
금호타운아파트,관악구,37.4657104128,126.9378291297
대학동노인정,관악구,37.4671591135,126.9376868773
대학동치안센터,관악구,37.4689379452,126.9377735833
서울대입구역3번출구,관악구,37.4807005941,126.9524440164
청림동현대아파트,관악구,37.491334,126.957561
청림동현대아파트,관악구,37.491948,126.959384
보성운수기종점,관악구,37.4641267565,126.9190213265
난곡공영차고지,관악구,37.463938,126.918963
제2공학관,관악구,37.4480848677,126.9521425546
건설환경종합연구소앞,관악구,37.4472002497,126.9496963827
봉일시장,관악구,37.4855325313,126.9372877479
보라매공영주차장,관악구,37.4887044852,126.9342323482
당곡중고교,관악구,37.4911229426,126.9340425015
연희빌라,관악구,37.4925826472,126.9338080186
연희빌라,관악구,37.4925289803,126.9337389141
당곡중고교,관악구,37.4911375856,126.9339322377
보라매공영주차장,관악구,37.4887260569,126.9341339458
신림사거리.신림역,관악구,37.4841991011,126.9282759755
신사동주민센터.신사시장,관악구,37.485534,126.917282
건영유치원,관악구,37.4850495896,126.9145919609
신대방역,관악구,37.4864484117,126.9136841115
난곡사거리,관악구,37.483037,126.914462
난곡사거리,관악구,37.4827675299,126.9142384082
신대방역,관악구,37.4863653637,126.9134840538
신사시장.평화교회,관악구,37.4844679227,126.9138803062
신사시장.선한이웃교회,관악구,37.4845275146,126.9140379945
신림청소년독서실.신림체육센터,관악구,37.4804433853,126.9148713746
신사동진양빌딩앞,관악구,37.4876940621,126.9146115645
호림박물관,관악구,37.4823672056,126.918618871
보성운수차고지맞은편,관악구,37.4646708176,126.9192632133
조원아파트,관악구,37.484088,126.90782
성원홈아파트,관악구,37.4902310566,126.9344142103
성원홈아파트,관악구,37.4902039601,126.9343000164
신림빗물펌프장,관악구,37.484979,126.9084
봉천사거리.위버폴리스,관악구,37.4827934095,126.9535723145
서원동승리교앞,관악구,37.4815862804,126.9299073023
서울난향초등학교.난향동주민센터,관악구,37.4627367836,126.9188888522
은천길입구,관악구,37.4866475818,126.9336112524
대학동샘말공원,관악구,37.4651382749,126.9383464994
서울대학교.치과병원.동물병원,관악구,37.4692744185,126.9520815656
서울대학교.치과병원.동물병원,관악구,37.470034,126.951937
신림2교,관악구,37.477526,126.93678
서울대학교,관악구,37.4676609636,126.9496319032
신림역2번출구,관악구,37.4833220413,126.929897162
벽산블루밍아파트종점,관악구,37.492105,126.944636
청림동현대아파트입구,관악구,37.4910748741,126.957413445
아카시아마을.민방위교육장,관악구,37.4720765376,126.9110629666
난향동공영차고지,관악구,37.4634784081,126.9189072689
청림동푸르지오아파트121동앞,관악구,37.4855867055,126.9606640782
보명사.법화사,관악구,37.4760734942,126.9248318555
현대아파트후문,관악구,37.4752551368,126.9304689235
GS편의점.소망유통,관악구,37.4693187251,126.9686576958
국사봉,관악구,37.491065,126.941744
봉천역,관악구,37.4835902775,126.9409009883
뉴서울아파트,관악구,37.4714170168,126.9111256421
푸르지오122동,관악구,37.4860981959,126.9596641783
승산밝은빛교회.구무림비디오,관악구,37.4757279844,126.9242273045
코사마트,관악구,37.4762191632,126.9302023262
인수당약국,관악구,37.4701674287,126.9681361509
벽산아파트후문.만물슈퍼,관악구,37.4907882284,126.9418503621
신협,관악구,37.4831950485,126.9465737839
쌍용아파트후문,관악구,37.4726771928,126.9117541837
관악로입구,관악구,37.4864265271,126.9580220655
한마음슈퍼,관악구,37.4753175115,126.9234984545
미성빌라,관악구,37.4770770731,126.9302987658
우리현대마트,관악구,37.4710782857,126.9675399492
우리슈퍼,관악구,37.4903837611,126.9421119066
두산아파트입구,관악구,37.4847729966,126.9468248253
벽산아파트501동.적십자센터,관악구,37.4929053524,126.9465804386
신라놀이터,관악구,37.4732481844,126.9125494627
충남슈퍼.생각대로통신,관악구,37.4749187609,126.9227888212
혜성세탁소,관악구,37.4776960894,126.9303876606
동인약국.인헌중고입구,관악구,37.4719720293,126.9669821806
수정슈퍼,관악구,37.4898025437,126.9421010465
현대시장,관악구,37.4870735721,126.9469475848
벽산아파트,관악구,37.4922931588,126.9438938598
두영아파트,관악구,37.474298874,126.9137749689
삼성산주공정문,관악구,37.480443,126.914873
서울대입구역2호선,관악구,37.4824664116,126.9538359816
제일교회입구,관악구,37.4745263191,126.9220871034
GS편의점,관악구,37.4785696861,126.9307709276
오리사랑,관악구,37.4737417629,126.9668389441
서울관광고등학교,관악구,37.4890752374,126.9418663911
구암초등학교정문,관악구,37.4881663803,126.9464345431
현대홈타운아파트,관악구,37.47934,126.963367
미성중학교,관악구,37.4755708036,126.9131844409
삼성산주공307동앞,관악구,37.4617159167,126.9273354547
관악프라자,관악구,37.4835760192,126.954733128
남강중고등학교입구,관악구,37.4741455935,126.9213944256
동산교회,관악구,37.4790806784,126.9298664772
인헌연세약국,관악구,37.4750663629,126.9667445158
산성교회,관악구,37.4886722866,126.9415478054
관악센트씨엘정문,관악구,37.4899711367,126.9460928644
낙성대역,관악구,37.4777900122,126.9624207194
라이프아파트,관악구,37.4771733447,126.9136959114
2단지종합상가,관악구,37.4635774095,126.9263183097
애동유치원,관악구,37.4742691695,126.9202354038
서강약국,관악구,37.4794709098,126.9281244578
인헌시장입구,관악구,37.47542833,126.9657720013
경천교회,관악구,37.4880274638,126.9404796696
대학원생활관,관악구,37.4623361202,126.9573923129
성현동주민센터,관악구,37.489861,126.947285
사랑의병원,관악구,37.4796244089,126.9564304426
신림고등학교,관악구,37.4776805895,126.9160901041
203동앞,관악구,37.4644446975,126.9264976658
관악로입구,관악구,37.4862759617,126.9577948573
세이브마트,관악구,37.4741762919,126.918818829
동부아파트,관악구,37.4813012413,126.9284313945
파리바게트.낙성대지하철,관악구,37.4761438371,126.964376791
국회단지입구,관악구,37.4865995241,126.9393194579
학부생활관,관악구,37.4637506192,126.9580724931
구암어린이집.관악센트씨엘108동,관악구,37.4909558362,126.9476358057
낙성대역,관악구,37.4778756928,126.9626592502
난곡터널,관악구,37.4779795626,126.9183861861
광신고등학교.주공1단지,관악구,37.4660286495,126.927107173
우성아파트103동,관악구,37.4860917446,126.9592457839
난우초등학교,관악구,37.475947114,126.917730357
삼모타워앞.건강보험관악지사,관악구,37.482525,126.928399
인헌초등학교,관악구,37.4769842505,126.962192055
은천교앞,관악구,37.4864003668,126.9358819578
BK국제관,관악구,37.4654239013,126.9578693178
관악드림타운2단지,관악구,37.4917149515,126.9470590155
현대홈타운아파트,관악구,37.4791296644,126.9634796509
갑을아파트,관악구,37.4897535048,126.9220551526
신원동치안센터,관악구,37.4790908751,126.9270325662
유완약국.성림교회,관악구,37.4668169248,126.9300505356
행운동우성아파트109동앞,관악구,37.4852903366,126.9612178671
신림고등학교,관악구,37.4778966436,126.9160754865
낙성대입구,관악구,37.4778081338,126.9599795717
신림성모성당앞,관악구,37.4870744065,126.9326664612
가족생활동,관악구,37.4669767456,126.9577737723
롯데백화점,관악구,37.4904278745,126.9244827354
삼성전자,관악구,37.4676943096,126.931084151
신림청소년독서실.신림체육센터,관악구,37.4804996928,126.9148759246
샤로수길입구,관악구,37.4787543427,126.9575345056
관악우체국,관악구,37.4851431932,126.9341383461
신림고등학교,관악구,37.4779810811,126.9168167167
신림사거리.신원시장,관악구,37.483709205,126.9273005902
삼성동시장,관악구,37.4692039821,126.931631082
난곡사거리,관악구,37.4823011931,126.9144634448
신림역,관악구,37.4854883196,126.9296506944
인헌아파트,관악구,37.468020748,126.9612871638
서울대벤처타운역.삼성동시장입구,관악구,37.4718550422,126.9332126245
동부아파트,관악구,37.4813200328,126.9282142759
낙성대역,관악구,37.4763210574,126.9648557613
당곡역.당곡사거리,관악구,37.4887310522,126.9287658216
서울융합과학교육원,관악구,37.4687224889,126.9579991818
은천교입구,관악구,37.4868362979,126.9342753266
은천교입구,관악구,37.4869017998,126.9341378486
삼성아파트,관악구,37.4945772872,126.9273819286
조원경로당,관악구,37.4835391709,126.9082699572
서강약국,관악구,37.4794735167,126.9279661565
인헌연세약국,관악구,37.4748483171,126.9668226263
낙성대공원.다시가는캠퍼스,관악구,37.4722000954,126.958771496
신도브래뉴.구펭귄아파트,관악구,37.4842112876,126.9110454762
동산교회,관악구,37.4788823374,126.9299348441
오리사랑,관악구,37.4736845489,126.9666847747
봉일시장,관악구,37.4861888116,126.9386238431
낙성대입구,관악구,37.4787451506,126.9595878517
낙성대현대아파트,관악구,37.474872947,126.9591501194
성지빌딩,관악구,37.4786931419,126.931006962
펭귄시장,관악구,37.4835748049,126.9123577828
동인약국.인헌중고입구,관악구,37.4719152228,126.966851057
국회단지입구,관악구,37.486535598,126.9394212827
인헌초등학교,관악구,37.4765877555,126.959159362
난곡사거리,관악구,37.4825153663,126.9140640456
우리현대마트,관악구,37.4711205873,126.967356777
경천교회,관악구,37.4879473031,126.9405543681
낙성대입구,관악구,37.4775168997,126.9594607468
신림체육센터,관악구,37.4810130771,126.914599382
서림동주민센터,관악구,37.4748531074,126.9349782707
인수당약국,관악구,37.4704430749,126.9677946019
산성교회,관악구,37.4885912136,126.9416010182
신원동치안센터,관악구,37.4792256381,126.9262096749
현대아파트109동,관악구,37.4748734803,126.9333136025
개미유통,관악구,37.4699868514,126.9668428641
서울관광고등학교,관악구,37.4890410488,126.9419749791
낙성대역,관악구,37.4770791769,126.9619751956
서울대호암교수회관,관악구,37.4677295812,126.9583174158
관악세무서,관악구,37.4791096883,126.9245139173
난우초등학교,관악구,37.4764738791,126.9171836708
현대아파트106동,관악구,37.4750977377,126.9325313553
세진아파트,관악구,37.46963157,126.965980406
수정슈퍼,관악구,37.489563775,126.9421498576
낙성대입구,관악구,37.4775942987,126.9591814277
구로디지털단지역,관악구,37.4837225722,126.9029063887
구로디지털단지역,관악구,37.4843694138,126.9058131587
난곡터널,관악구,37.4783629038,126.9192914361
난곡종점,관악구,37.4641111686,126.9192841509
세이브마트,관악구,37.4742473112,126.9185745369
봉천역,관악구,37.4835908978,126.94142738
은천아파트,관악구,37.469304232,126.9651699485
우리슈퍼,관악구,37.4901513787,126.9423212961
인헌초등학교,관악구,37.4765250104,126.9589641387
서울대벤처타운역.삼성동시장입구,관악구,37.4716882063,126.9329810024
애동유치원,관악구,37.4741556134,126.9202106507
인헌아파트,관악구,37.4682591544,126.9616844863
롯데백화점관악점,관악구,37.4897440967,126.9249187647
롯데백화점관악점,관악구,37.4900916551,126.9259813186
신림역,관악구,37.4844981452,126.9329881668
신림역,관악구,37.484581,126.930756
봉천역,관악구,37.4819948162,126.9441414845
봉천역,관악구,37.4827120941,126.9415037433
서울대입구역,관악구,37.4815931763,126.9514280486
신림2동차고지,관악구,37.470982,126.938321
신림2동차고지,관악구,37.4709277562,126.9387687412
벽산아파트후문.만물슈퍼,관악구,37.4910691188,126.9418590704
낙성대현대아파트,관악구,37.4744250546,126.9590657284
사당역4번출구A,관악구,37.4750015212,126.9814839831
사당역4번출구B,관악구,37.4748085963,126.9815172875
봉천역,관악구,37.4833341181,126.9417119782
관악센트씨엘후문,관악구,37.491838,126.946872
라이프아파트,관악구,37.4771669403,126.9135636303
삼성동시장,관악구,37.4691600126,126.9314562928
남강중고등학교입구,관악구,37.4740843566,126.9214521515
은천아파트,관악구,37.4691834753,126.9651417407
낙성대공원.다시가는캠퍼스,관악구,37.472483,126.958598
구암어린이집.관악센트씨엘108동,관악구,37.4910852873,126.9475270007
미성중학교,관악구,37.4756040638,126.9130747297
삼성전자,관악구,37.467907393,126.9310872264
제일교회입구,관악구,37.4744767955,126.9221436863
세진아파트,관악구,37.469516228,126.9659793277
서울융합과학교육원,관악구,37.4695643624,126.9579844634
성현동주민센터,관악구,37.4900204503,126.9479869626
두영아파트,관악구,37.4743494227,126.9136488581
유완약국.성림교회,관악구,37.4669079232,126.9300278405
충남슈퍼.생각대로통신,관악구,37.4748593293,126.922852198
개미유통,관악구,37.4698796222,126.966851956
호암교수회관,관악구,37.4684563846,126.9583384812
현대시장,관악구,37.4872239236,126.9466523339
신라놀이터,관악구,37.4733130222,126.9124928566
광신고등학교.주공1단지,관악구,37.4655416947,126.9268060717
한마음슈퍼,관악구,37.4752553681,126.9235493967
소망유통,관악구,37.4694700428,126.9684009967
두산아파트,관악구,37.4847359856,126.9466789803
쌍용아파트후문,관악구,37.4727366024,126.9116693186
201동.동신교회,관악구,37.4642155732,126.9258566348
승산밝은빛교회.구무림비디오,관악구,37.4756424004,126.9242601797
군인아파트,관악구,37.4689672354,126.9686942163
호암교수회관,관악구,37.4682578356,126.957812806
신협,관악구,37.4832139179,126.9464550405
뉴서울아파트,관악구,37.4715124546,126.9110760714
3단지종합상가,관악구,37.4632446739,126.9266500465
보명사.법화사,관악구,37.4759816008,126.9248624752
가족생활동,관악구,37.4663611632,126.9576895289
봉천역6번출구,관악구,37.4832131411,126.9435328569
아카시아마을.민방위교육장,관악구,37.4720991366,126.9111579098
삼성산주공307동앞,관악구,37.4618249334,126.9273070883
서울대후문.연구공원,관악구,37.4651042841,126.9577778409
봉천역4번출구,관악구,37.4835860833,126.9415256749
삼성산주공아파트정문,관악구,37.4612183906,126.9257024646
학부생활관,관악구,37.4631418278,126.957717428
대학원생활관,관악구,37.461972752,126.9567820806
기숙사삼거리,관악구,37.4604637077,126.9567660056
제2파워플랜트,관악구,37.449338,126.949695
건설환경종합연구소,관악구,37.4471691607,126.9497986982
보라매노인복지회관,관악구,37.492677921,126.9258907075
신한은행앞.롯데백화점,관악구,37.49052084,126.9243299957
벽산아파트,관악구,37.4923224192,126.9437182326
적십자센터,관악구,37.4930089788,126.9463609225
봉림교,관악구,37.4836879715,126.9269360965
서원치안센터.건강보험관악지사,관악구,37.4819928275,126.9291589334
노천강당,관악구,37.4587949022,126.9553279623
신림역4번출구,관악구,37.484025,126.92886
행정관,관악구,37.461591,126.95022
서원역2번출구.서원동성당앞,관악구,37.4778363867,126.9344657489
신림복지관앞,관악구,37.4653036588,126.9197650564
