시설명,업종,세부유형,자치구,주소,전화번호,위도,경도
(주)남강에프씨유소년축구클럽,체육교습업,축구,관악구,서울특별시 관악구 난곡로 270(신림동),070-7720-7822,37.4781481408041,126.915479396711
(주)더한 오리엔스 호텔 & 레지던스,체력단련장업,체력단련장,중구,"중구 삼일대로2길 50, 지하2층(예장동, 오리엔스 호텔)",02-2280-8000,37.5600881481,126.991126658
(주)머슬인더박스,체력단련장업,체력단련장,중구,"서울특별시 중구 청계천로 400(황학동, 롯데캐슬베네치아)",02-2231-3200,37.5708105464699,127.021463886656
(주)바디스타,체력단련장업,체력단련장,중구,서울특별시 중구 마른내로 34(초동),02-2038-0117,37.564230160524,126.991688931109
(주)블랙썬 당구장,당구장업,당구장,중구,서울특별시 중구 난계로21길 63(황학동),02-2118-8087,37.5638077703601,126.997555182293
(주)센터원웰니스,체력단련장업,체력단련장,중구,서울특별시 중구 을지로5길 26 (수하동),,37.5673387737,126.9852081547
(주)센터원웰니스,골프연습장업,스크린,중구,서울특별시 중구 을지로5길 26 (수하동),02-753-9800,37.5673387737,126.9852081547
(주)스포짐앤밀론,체력단련장업,체력단련장,중구,서울특별시 중구 삼일대로 358 (을지로2가),,37.566488558384165,126.98807882278932
(주)스포짐예로우 신당역점,체력단련장업,체력단련장,중구,"서울특별시 중구 퇴계로 447, 지하1층 140~144호 (황학동, 황학 아크로타워)",02-2233-8487,37.5660419798,127.0217218352
(주)스포짐옐로우 GDR 신당역점,가상체험 체육시설업,골프,중구,"서울특별시 중구 퇴계로 447(황학동, 황학 아크로타워)",02-2233-8487,37.5660419798503,127.021721835241
(주)아이골프존 더클래식,골프연습장업,스크린,관악구,"서울특별시 관악구 남부순환로218길 37 (봉천동, 프라비다2)",02-874-0753,37.4796978174,126.9504801516
(주)이아스피스 명동센터,체력단련장업,체력단련장,중구,중구 명동8길 27,,37.5625310531,126.985168359
(주)이아스피스 명동센터,골프연습장업,실내,중구,서울특별시 중구 명동8길 27(명동2가),,37.5625310531,126.985168359
(주)이화골프존파크,골프연습장업,스크린,중구,서울특별시 중구 정동길 17(정동),,37.567161887661,126.970642082697
(주)조선호텔앤리조트 CAC클럽,종합체육시설업,종합체육시설,중구,서울특별시 중구 소공로 106,02-771-0500,37.5644836818,126.980183215
(주)조선호텔앤리조트스테이트타워남산GYM,체력단련장업,체력단련장,중구,서울특별시 중구 퇴계로 100 (회현동2가),02-6020-5527,37.56017734560088,126.98291879705376
(주)파크짐,체력단련장업,체력단련장,중구,"서울 중구 다산로 240, 지하1층(신당동)",,37.5642174922,127.016534302
(주)포사이버 새로나스크린골프 사업부,골프연습장업,스크린,중구,서울특별시 중구 남대문로 30 (남창동),02-3789-7068,37.5607353738,126.979238012
(주)풀굿코리아,체육교습업,축구,관악구,서울특별시 관악구 은천로 92(봉천동),02-3285-3343,37.4867772255744,126.945377054435
(주)한국스포터(성동교육문화관),종합체육시설업,종합체육시설,중구,서울특별시 중구 퇴계로90길 17,02-2231-9313,37.5641624675,127.022388298
22호근린공원,간이운동장,간이운동장,관악구,,031-481-2470,37.482544,126.927083
2351 필라테스&짐,체력단련장업,체력단련장,관악구,"서울특별시 관악구 남부순환로 1369, 3층 (신림동, 관악농협농산물백화점)",02-865-2017,37.4801331328,126.9029077558
24시 당구장,당구장업,당구장,중구,서울 중구 명동1가 38-1 4층,02-778-0152,37.5647618393,126.984538595
27 당구클럽,당구장업,당구장,중구,서울특별시 중구 퇴계로 27 (남대문로5가),02-3789-4927,37.557649723412034,126.97588883819684
3469 당구장,당구장업,당구장,중구,서울 중구 필동2가 19-5 보성빌딩 3층,,37.5607695565,126.995690052
3M캐롬클럽,당구장업,당구장,관악구,서울특별시 관악구 신사로 116-1 (신림동),,37.48790222696,126.915156444572
3S gym,체력단련장업,체력단련장,중구,서울특별시 중구 청구로4길 19 (신당동),02-2231-7970,37.560718208717226,127.01513913479964
5번출구무도장,무도장업,무도장,관악구,서울특별시 관악구 남현1길 58 (남현동),02-000-0000,37.4755925756593,126.980498725427
88스크린골프,골프연습장업,스크린,중구,서울특별시 중구 청계천로 176 (주교동),,37.5684064441,126.9971158433
:O GYM,체력단련장업,체력단련장,관악구,서울특별시 관악구 남부순환로 1917(봉천동),,37.4778412533678,126.962356575184
A#스크린골프,골프연습장업,스크린,관악구,"서울특별시 관악구 남부순환로 1464 (신림동,2,3층)",,37.4812405928,126.91337693
A+당구장,당구장업,당구장,관악구,서울특별시 관악구 호암로24길 77 (신림동),,37.4693157781194,126.937601300726
ATS태권도장,체육도장업,태권도,관악구,"서울특별시 관악구 성현로 80 (봉천동, 관악드림타운아파트)",02-6334-2000,37.48976754475361,126.95061823989656
AURUM GOLF,골프연습장업,스크린,중구,서울특별시 중구 정동길 2-1(정동),02-318-2024,37.5679813745371,126.969346954167
B&B 골프 아카데미,골프연습장업,실내,관악구,서울특별시 관악구 남부순환로 1862 (봉천동),,37.4795416209,126.95653116
BB117,당구장업,당구장,중구,서울 중구 남대문로4가 20-10,02-756-1117,37.5600788839,126.976245705
Banyan Tree Club&SPA Seoul Fitness club,체력단련장업,체력단련장,중구,서울특별시 중구 장충단로 60 (장충동2가),02-2250-8000,37.550264001499386,127.00053866788092
Banyan Tree Club&SPA Seoul Ice Rink,썰매장업,썰매장,중구,서울특별시 중구 장충단로 60(장충동2가),02-2250-8000,37.550069386,127.000497927
Banyan Tree Club&SPA Seoul Indoor Pool,수영장업,실내,중구,서울특별시 중구 장충단로 60,02-2250-8000,37.550069386,127.000497927
Banyan Tree Club&SPA Seoul Oasis,수영장업,실외,중구,서울특별시 중구 장충단로 60,02-2250-8000,37.550069386,127.000497927
BanyanTree Club&SPA Seoul Golf,골프연습장업,실외,중구,서울특별시 중구 장충단로 60 (장충동2가),02-2250-8000,37.550264001499386,127.00053866788092
Best Billiard Club,당구장업,당구장,관악구,"서울특별시 관악구 당곡길 74, 지하1층 (봉천동)",,37.4920440362,126.927268477
CLUB WILL,체력단련장업,체력단련장,중구,중구 퇴계로6길 3-28(회현동1가),02-773-9078,37.558540554,126.979288419
CM헬스,체력단련장업,체력단련장,중구,서울특별시 중구 충무로 13 (충무로3가),02-2275-0776,37.56236597153693,126.9926339967565
CV VENEZIA,당구장업,당구장,중구,"서울특별시 중구 청계천로 400(황학동, 롯데캐슬베네치아)",,37.5708105464699,127.021463886656
DDPT&PILATES,체력단련장업,체력단련장,중구,서울특별시 중구 다산로 197-1 (신당동),02-6014-2844,37.56100306876738,127.01396210212306
DK 골프클럽,골프연습장업,스크린,관악구,"서울특별시 관악구 난향길 5, 지층 (신림동)",,37.4627338352,126.9185588264
DYGYM,체력단련장업,체력단련장,관악구,서울특별시 관악구 남부순환로 1931 (봉천동),02-000-0000,37.4772285940493,126.963886972814
ESC(elite sporst conditioning GYM),체력단련장업,체력단련장,관악구,서울특별시 관악구 행운2길 20 (봉천동),02-6338-4950,37.47914278117647,126.95995027046077
FRASER PLACE,체력단련장업,체력단련장,중구,서울특별시 중구 난계로21길 63(황학동),2220-8020,37.5638077703601,126.997555182293
GDR 골프아카데미 난곡점,골프연습장업,실내,관악구,"서울특별시 관악구 난곡로 100 (신림동, 파로스프라자A동)",,37.4645001795391,126.919613685063
GDR 골프존 아카데미 실로암점,가상체험 체육시설업,골프,중구,서울특별시 중구 중림로 49(중림동),02-365-9595,37.5577436134772,126.968628967116
GG당구클럽,당구장업,당구장,관악구,서울특별시 관악구 남부순환로 1377 (신림동),02-868-3949,37.4801592066,126.9038314196
GOGO점핑 다이어트,체력단련장업,체력단련장,관악구,서울특별시 관악구 난우길 41 (신림동),,37.4761787463639,126.917178437411
GQ당구장,당구장업,당구장,중구,서울 중구 신당동 369-76,,37.5560478376,127.011625261
GYM PRIVATE,체력단련장업,체력단련장,관악구,서울특별시 관악구 쑥고개로 97 (봉천동),,37.4793042245021,126.947484476464
GYM29,체력단련장업,체력단련장,중구,서울특별시 중구 청계천로 86(장교동),02-729-5230,37.5675213832268,126.986526801038
HERO GYM,체력단련장업,체력단련장,관악구,"서울특별시 관악구 행운2길 52, B01호 (봉천동)",02-886-4044,37.4785357798,126.9616047351
Him PT,체력단련장업,체력단련장,관악구,서울특별시 관악구 신림로 276 (신림동),,37.4793676968,126.931703613
JS GYM,체력단련장업,체력단련장,관악구,서울특별시 관악구 관악로15길 6 (봉천동),02-883-2232,37.4804012571,126.9520625284
JS골프아카데미,골프연습장업,스크린,중구,"서울특별시 중구 청구로1길 23 (신당동, 신당동삼성아파트)",,37.55816980350889,127.0178956224892
J다이어트 복싱 체육관,체육도장업,권투,관악구,서울특별시 관악구 난곡로 270 (신림동),,37.47812826046013,126.91552407646608
K2당구장,당구장업,당구장,관악구,서울특별시 관악구 남부순환로 1916 (봉천동,,37.4773594813,126.962067621
KuksooL Multi-Gym,체력단련장업,체력단련장,관악구,서울특별시 관악구 호암로24길 35 (신림동),,37.46967835604172,126.93511278988204
MBA(멘토 빌리어드 아카데미),당구장업,당구장,관악구,서울특별시 관악구 남부순환로 1481 (신림동),,37.48226179097256,126.91510787425632
MBC당구장,당구장업,당구장,중구,서울특별시 중구 다산로36길 53(신당동),,37.5615158438315,127.017843340173
MBC당구장,당구장업,당구장,중구,서울 중구 신당6동 48-1,,37.5615179143,127.017855678
Medi & Fit (메디 앤 핏),체력단련장업,체력단련장,중구,서울특별시 중구 다산로 168 (신당동),070-8236-4496,37.558442272308,127.013023379599
M당구장,당구장업,당구장,관악구,"서울특별시 관악구 신림로 126  (신림동,지층)",,37.4650170429,126.939484564
OUTFIT FITNESS,체력단련장업,체력단련장,중구,"중구 다산로 236-1, 2층(신당동)",,37.5641274347,127.016230942
P.G.A골프스쿨,골프연습장업,실내,관악구,"서울특별시 관악구 신림로 136 (신림동,지층)",02-884-4772,37.4646532123,126.939833009
PBC 캐롬클럽 봉천점,당구장업,당구장,관악구,서울특별시 관악구 양녕로 29 (봉천동),,37.4846673504229,126.946395058313
PGA스포렉스,골프연습장업,실내,중구,서울특별시 중구 충무로 15(충무로3가),,37.5680134556,126.993308067
PS권투체육관,체육도장업,권투,중구,서울 중구 필동3가 18-3 4층,02-2266-7989,37.5609462207,126.998474311
PT DAY,체력단련장업,체력단련장,관악구,"서울특별시 관악구 대학10길 22, 지하1층 (신림동)",,37.4677401043,126.936443827
R.F Shop(알에프샵),체력단련장업,체력단련장,관악구,서울특별시 관악구 신림로67길 3-8 (신림동),,37.4858966283,126.9290247345
Re:BODY 헬스 365,체력단련장업,체력단련장,관악구,서울특별시 관악구 관악로17길 8 (봉천동),,37.4809019109784,126.951311484672
S 당구클럽,당구장업,당구장,관악구,서울특별시 관악구 은천로 114,02-871-2060,37.4866273008,126.947979005
SBS 당구장,당구장업,당구장,관악구,서울특별시 관악구 난곡로 367 (신림동),02-839-7666,37.4867009567317,126.913354117853
SD 복싱짐,체육도장업,권투,중구,서울특별시 중구 퇴계로88길 63 (신당동),02-2235-1282,37.563197132,127.019377286
SM 스포츠 아카데미,체육교습업,축구,중구,"서울특별시 중구 다산로 32(신당동, 남산타운)",,37.5471667734011,127.005677166122
SY GYM,체력단련장업,체력단련장,관악구,서울특별시 관악구 관악로 248 (봉천동),02-878-7373,37.4862093117,126.9571514372
S바디케어프라이빗짐,체력단련장업,체력단련장,중구,서울특별시 중구 다산로36길 53(신당동),,37.5615158438315,127.017843340173
T.S 한국체대 한일태권도장,체육도장업,태권도,관악구,"서울특별시 관악구 신림로 264, 4층 (신림동)",,37.4786870742,126.932644871
TLM행운 태권스쿨,체육도장업,태권도,관악구,"서울특별시 관악구 행운1길 8 (봉천동,2층)",02-874-1835,37.4798667643,126.958706232
TS골프아카데미,가상체험 체육시설업,골프,관악구,"서울특별시 관악구 신원로 35, 삼모 더 프라임 타워 7층 2호 (신림동)",02-879-1004,37.4823122359,126.9290233764
The Gym : 魂 (더 짐 : 혼),체력단련장업,체력단련장,관악구,서울특별시 관악구 신림로 300 (신림동),,37.4811400682,126.9303090862
Top-tier GYM,체력단련장업,체력단련장,관악구,서울특별시 관악구 난곡로 84 (신림동),,37.4629028048049,126.919390910287
UNO GYM,체력단련장업,체력단련장,중구,"서울특별시 중구 다산로 32(신당동, 남산타운)",,37.5471667734011,127.005677166122
VIP당구장,당구장업,당구장,중구,서울 중구 남산동1가 5-2번지 1층,,37.5604155077,126.985128033
VIP당구장,당구장업,당구장,중구,서울 중구 필동1가 36-2 지하1층,,37.5608306681,126.992552657
VTA 청구수련관,체육도장업,태권도,중구,서울 중구 신당동 321-27,02-2238-8347,37.5589882606,127.015401359
With Gym(위드짐),체력단련장업,체력단련장,관악구,서울특별시 관악구 대학5길 8 (신림동),,37.46916105800695,126.9382558360097
W당구장,당구장업,당구장,관악구,서울특별시 관악구 신림동길 8 (신림동),02-887-5017,37.48750687867751,126.9277839555146
best billiard club,당구장업,당구장,중구,서울특별시 중구 세종대로21길 55 (태평로1가),02-737-2833,37.5690131024,126.9759485643
fitness SUIT,체력단련장업,체력단련장,관악구,"서울특별시 관악구 호암로26길 47, 신림빌딩 지하1층,2~3층 (신림동)",02-883-5840,37.47048456,126.9362341788
in클라이밍센터,인공암벽장업,인공암벽장,관악구,서울특별시 관악구 봉천로 565-1 (봉천동),,37.4776721954954,126.960610736795
one shop,체력단련장업,체력단련장,중구,서울특별시 중구 다산로18길 23(신당동),,37.5566982705714,127.013304429748
sbs당구장,당구장업,당구장,중구,서울 중구 신당6동 291-32 지하1층,,37.5621019412,127.016615327
tmzmfls1872,골프연습장업,스크린,중구,서울특별시 중구 명동9길 21 (명동1가),02-3789-1872,37.5647654439,126.9845431213
㈜ 파크짐,체력단련장업,체력단련장,중구,"서울 중구 다산로 185, 지하1층(신당동, 신흥)",,37.5601742116,127.013445844
㈜ 호텔신라휘트니스클럽,종합체육시설업,종합체육시설,중구,서울특별시 중구 동호로 249,02-2230-3521,37.5575907792,127.005713155
㈜에이치비스포츠아이엔씨,체력단련장업,체력단련장,중구,서울특별시 중구 을지로 170(을지로4가),02-3706-7396,37.5661391831606,126.99732748195
㈜호텔신라휘트니스클럽,수영장업,실외,중구,서울특별시 중구 동호로 249,,37.5575907792,127.005713155
ㅋ ㅠ당구장,당구장업,당구장,중구,서울특별시 중구 난계로21길 63(황학동),,37.5638077703601,126.997555182293
가람검도관,체육도장업,검도,중구,서울 중구 신당동 366-2외5필지,02-2235-3711,37.5527142509,127.010502104
가자 당구크럽,당구장업,당구장,관악구,서울특별시 관악구 난곡로 234 (신림동),,37.475188457185176,126.91706489528325
강호태권도장,체육도장업,태권도,관악구,"서울특별시 관악구 미성8길 1, 3층 (신림동)",02-857-1171,37.4742596519,126.913484472
갤러리당구클럽,당구장업,당구장,관악구,"서울특별시 관악구 대학5길 17  (신림동,2층)",,37.4693811399,126.938707829
게이트볼장,간이운동장,간이운동장,중구,,,37.5556223312,127.013811709
겟투잇 피트니스 필라테스,체력단련장업,체력단련장,중구,서울특별시 중구 서소문로 89-31 (순화동),,37.5638725916722,126.971254012533
경서스포츠센터(조원초 수영장),수영장업,실내,관악구,서울특별시 관악구 조원로 67 (신림동),02-857-9400,37.4841281273,126.9095067512
경희대 덕승체육관,체육도장업,태권도,관악구,"서울특별시 관악구 인헌길 68 (봉천동,현대종합B상가 301(3층))",,37.4723655801,126.966352402
경희대 석사 삼성 태권도,체육도장업,태권도,관악구,"서울특별시 관악구 미성3길 4 (신림동,2층)",02-868-9282,37.4741859514,126.916238472
경희대 석사 현대 태권도장,체육도장업,태권도,관악구,서울특별시 관악구 은천로 95 (봉천동),02-877-9001,37.4872820001,126.945246769
경희대 태권도,체육도장업,태권도,관악구,,02-887-8777,37.4840985767,126.960684813
경희대 현대 태권도,체육도장업,태권도,관악구,,02-862-2999,37.4802230746,126.911781701
경희대삼성태권도장,체육도장업,태권도,관악구,"서울특별시 관악구 대학7길 17 (신림동,지층)",,37.4685197717,126.93870401
경희대효태권도장,체육도장업,태권도,관악구,서울특별시 관악구 관천로15길 131 (신림동),02-854-3211,37.4854695662,126.915366562
고려,당구장업,당구장,중구,서울 중구 북창동 12-1,02-775-3938,37.5631498877,126.978363554
고려 당구장,당구장업,당구장,중구,서울특별시 중구 남대문로1길 41(북창동),,37.5628757661001,126.977201340376
고려당구장,당구장업,당구장,중구,서울특별시 중구 난계로21길 63(황학동),775-3938,37.5638077703601,126.997555182293
고핏 피트니스,체력단련장업,체력단련장,관악구,"서울특별시 관악구 남부순환로191길 7(신림동, 에드원)",,37.4855884851628,126.934001482301
골드당구장,당구장업,당구장,중구,서울 중구 충무로3가 33-3번지 3층,,37.5629282323,126.993285885
골든크라운 크로스핏 서대문역,체력단련장업,체력단련장,중구,서울특별시 중구 정동길 8 (정동),02-318-0687,37.56759520208418,126.96932504002834
골클럽,체육교습업,축구,관악구,서울특별시 관악구 남부순환로 1464(신림동),02-6368-7217,37.4812406839959,126.913378400019
골프존파크 BH 봉천점,가상체험 체육시설업,골프,관악구,서울특별시 관악구 은천로 93 (봉천동),02-3285-7782,37.4888675527,126.953110957
골프존파크 남현네스코사당점,가상체험 체육시설업,골프,관악구,서울특별시 관악구 남부순환로 2064 (남현동),02-588-0709,37.4764021630158,126.978098942823
골프존파크 신당약수점,가상체험 체육시설업,골프,중구,서울특별시 중구 동호로 191 (신당동),,37.5549455286319,127.009965073767
곰짐(Gom Gym),체력단련장업,체력단련장,관악구,서울특별시 관악구 호암로22길 60 (신림동),,37.4685436545,126.9361628023
공단,무도장업,무도장,관악구,"서울특별시 관악구 시흥대로 578(신림동,지2층)",02-858-0650,37.4843105768,126.903247201
공단무도학원,무도학원업,무도학원,관악구,"서울특별시 관악구 시흥대로 578 (신림동,광안빌딩 지2층)",02-858-0650,37.4843105768,126.903247201
공때리네당구장,당구장업,당구장,중구,서울 중구 신당동 333-61,,37.557467594,127.013640021
관악 유도 체육관,체육도장업,유도,관악구,서울특별시 관악구 신림로 138,,37.4717575654,126.93452767
관악구민운동장,축구장,축구장,관악구,서울특별시 관악구 낙성대로 40 (봉천동),,37.4751234069,126.9574562246
관악구민종합체육센터,체육관,생활체육관,관악구,서울특별시 관악구 낙성대로3길 37 (봉천동),02-870-7620,37.4730664948,126.9603152697
관악구민종합체육센터수영장,수영장,수영장,관악구,서울특별시 관악구 낙성대로3길 37 (봉천동),02-875-1188,37.4730664948,126.9603152697
관악구민체육센터골프연습장,골프연습장,골프연습장,관악구,서울특별시 관악구 낙성대로3길 37 (봉천동),02-875-1188,37.4730664948,126.9603152697
관악본관,체육도장업,태권도,관악구,"서울특별시 관악구 문성로 222 (신림동,3층)",,37.4792359917,126.928393386
관악스크린골프,골프연습장업,스크린,관악구,서울특별시 관악구 관악로15길 23-16 (봉천동),02-878-0755,37.47965827886671,126.95073342976704
관악정,국궁장,국궁장,관악구,서울특별시 관악구 약수암길 43-3 (신림동),02-887-7971,37.4586023837,126.9337795975
관악제2구민운동장,축구장,축구장,관악구,서울특별시 관악구 약수암길 43-1 (신림동),,37.4589949017,126.93320507
관악청소년센터수영장,수영장,수영장,관악구,서울특별시 관악구 신림로23길 17 (신림동),02-870-0636,37.4702439018707,126.935243319909
관악축구센터,체육교습업,축구,관악구,서울특별시 관악구 관악로 116(봉천동),,37.4756046026941,126.953083520042
교통문화교육원 헬스크럽,체력단련장업,체력단련장,관악구,서울특별시 관악구 남현1길 38-10 (남현동),02-585-3395,37.4753765702546,126.979245142307
구디 캐롬 클럽,당구장업,당구장,관악구,서울특별시 관악구 조원로 24 (신림동),,37.4832397601818,126.905063377424
구민테니스장,테니스장,테니스장,관악구,서울특별시 관악구 낙성대로 40 (봉천동),02-2081-2660,37.4751234069,126.9574562246
구슬모아,당구장업,당구장,중구,서울특별시 중구 서소문로 134-7 (태평로2가),02-756-8404,37.5632576434766,126.976014137939
국사검도관,체육도장업,검도,관악구,서울특별시 관악구 봉천로 535 (봉천동),02-874-4001,37.4788968407,126.957472175
국사봉체육관,체육관,구기체육관,관악구,서울특별시 관악구 국회단지길 144 (봉천동),02-2081-2690,37.4918789126,126.9414304449
국제체육관,체육도장업,권투,관악구,서울특별시 관악구 남부순환로 1587 (신림동),02-6498-1212,37.4843456130312,126.92692317416412
국제체육관 신림점,체육도장업,권투,관악구,서울특별시 관악구 남부순환로 1587 (신림동),02-6498-1212,37.4842771476,126.9269413314
국제프레야스포츠,체력단련장업,체력단련장,중구,서울특별시 중구 남대문로 36 (회현동1가),02-319-0374,37.5609589129,126.9797676403
굿모닝당구장,당구장업,당구장,중구,서울 중구 태평로2가 68-3(3층),02-776-4904,37.5632325692,126.977245261
굿모닝당구장,당구장업,당구장,중구,서울특별시 중구 장충단로 247(을지로6가),,37.5668021171335,127.007358177138
굿모닝스크린골프,골프연습장업,스크린,중구,서울특별시 중구 장충단로 247 (을지로6가),02-2118-8686,37.5668024776,127.0073573848
굿타임,당구장업,당구장,중구,서울특별시 중구 마장로1가길 11-6(신당동),,37.5688836456334,127.013054627703
귀빈,당구장업,당구장,중구,서울특별시 중구 삼일대로12길 22-1 (을지로2가),,37.56663280569504,126.98898432203174
그랜드센트럴 피트니스,체력단련장업,체력단련장,중구,서울특별시 중구 세종대로 14(남대문로5가),02-6411-6154,37.5578385325826,126.9744151
그린,당구장업,당구장,중구,서울 중구 수하동 39-2,02-752-0771,37.5674828275,126.984388619
그린,당구장업,당구장,중구,서울 중구 저동2가 72-9,,37.5646686793,126.989478108
그린골프교실,골프연습장업,실내,중구,서울특별시 중구 다산로 111(신당동),,37.5647677698,127.023253231
그린당구클럽,당구장업,당구장,중구,서울특별시 중구 난계로21길 63(황학동),,37.5638077703601,126.997555182293
근육터짐 지방빠짐,체력단련장업,체력단련장,관악구,서울특별시 관악구 남부순환로 2062 (남현동),,37.4763939932,126.9777735757
글로벌 태권도장,체육도장업,태권도,관악구,"서울특별시 관악구 조원로 128, 3층 303호 (신림동)",02-853-4471,37.485106466,126.916642369
금강 태권도장,체육도장업,태권도,관악구,"서울특별시 관악구 남부순환로161가길 23, 3층 (신림동)",,37.484887217,126.917492875
금문 당구클럽,당구장업,당구장,관악구,서울특별시 관악구 남부순환로 1665 (봉천동),,37.4851215151689,126.935676078693
길 당구클럽,당구장업,당구장,관악구,서울특별시 관악구 난곡로 181 (신림동),,37.4713097420544,126.919603680139
김코치PT(낙성대점),체력단련장업,체력단련장,관악구,서울특별시 관악구 봉천로 575 (봉천동),,37.4774028105387,126.961481858172
까치산체육센터,골프연습장,골프연습장,관악구,서울특별시 관악구 행운10길 23 (봉천동),02-870-7690,37.4819706150352,126.962472088607
꿈나무 태권도,체육도장업,태권도,관악구,서울특별시 관악구 관악로12길 47 (봉천동),,37.4778435733,126.9550714575
나이스 당구장,당구장업,당구장,관악구,서울특별시 관악구 남부순환로 1751 (봉천동),02-888-3217,37.4823262518,126.944811701
낙성대골프연습장,골프연습장업,실외,관악구,서울특별시 관악구 낙성대로 42 (봉천동),,37.4740892514,126.958026586
난곡,당구장업,당구장,관악구,서울특별시 관악구 법원단지길 28  (신림동,,37.4741664237,126.919250163
남문당구장,당구장업,당구장,중구,서울 중구 남대문로5가 21-1,02-755-7979,37.5589613744,126.974924133
남문헬스클럽,체력단련장업,체력단련장,중구,중구 세종대로2나길 23(남대문로5가),02-754-2500,37.5586477733,126.974670719
남부 태권도장,체육도장업,태권도,관악구,"서울특별시 관악구 난곡로 170-6 (신림동,3층)",02-856-2221,37.47013065,126.92035782
남산 골프존,가상체험 체육시설업,골프,중구,"서울특별시 중구 다산로 56(신당동, 남산정은스카이아파트)",,37.5484962686196,127.007609635753
남산골프,가상체험 체육시설업,골프,중구,서울특별시 중구 장충단로 72(장충동2가),,37.5516383586201,127.002523184791
남산골프연습장,골프연습장업,실내,중구,서울특별시 중구 다산로 91(신당동),,37.5638275296,127.021125041
남산캐롬빌리아드,당구장업,당구장,중구,서울특별시 중구 다산로8길 20 (신당동),,37.552714250920914,127.0105021041553
남현 호림태권도,체육도장업,태권도,관악구,서울특별시 관악구 남현길 18 (남현동),02-582-6699,37.4757956098,126.977181354
넘버원수영이야기,수영장업,실내,관악구,서울특별시 관악구 호암로 405 (신림동),02-882-7552,37.46101261984565,126.92622248956954
노블당구장,당구장업,당구장,중구,서울 중구 을지로1가 16,02-752-0230,37.5664873811,126.979503544
노아당구장,당구장업,당구장,중구,서울 중구 신당동 52-299,,37.5637993974,127.016765109
놀자,당구장업,당구장,관악구,서울특별시 관악구 남부순환로170길 3 (신림동),,37.482891750784674,126.92463617872583
뉴 스크린 골프,골프연습장업,스크린,관악구,"서울특별시 관악구 난곡로 98 (신림동,파로스프라자 B동 204,205호)",02-865-0755,37.464075248,126.91945996
뉴 코리아,당구장업,당구장,중구,서울 중구 충무로2가 11-1번지 선샤인빌딩 지하1층,,37.5620158428,126.986499497
뉴 코리아당구장,당구장업,당구장,중구,서울 중구 남산동2가 1-2,02-777-3991,37.5605994227,126.9860425
뉴-캐슬 스크린골프,골프연습장업,스크린,중구,서울특별시 중구 청계천로 370,,37.5705241412,127.018690951
뉴스크린연습장,가상체험 체육시설업,골프,관악구,"서울특별시 관악구 난곡로 98 (신림동, 파로스프라자B동)",02-865-0755,37.4640754271385,126.919458376949
뉴월드 당구장,당구장업,당구장,관악구,서울특별시 관악구 난곡로66길 7 (신림동),,37.48269765086713,126.91479080331293
뉴코리아,당구장업,당구장,중구,서울 중구 신당동 213-8 유니온30 지하2층,,37.5689536161,127.012564511
뉴코리아골프연습장,골프연습장업,실내,중구,서울특별시 중구 다산로 178(신당동),,37.5592876145,127.013586027
늘푸른공원,간이운동장,간이운동장,중구,,02-3423-6244,37.558402,127.005025
다래,당구장업,당구장,중구,서울 중구 다동183,02-775-3738,37.5672298663,126.979879135
다빈치당구클럽,당구장업,당구장,중구,서울시 중구 신당동 52-111 2층,,37.5630133205,127.01942704
다움태권도장,체육도장업,태권도,관악구,서울특별시 관악구 관천로15길 131(신림동),,37.4854696555126,126.915365431007
다인스크린골프,골프연습장업,스크린,중구,서울특별시 중구 마른내로 110 (오장동),02-2269-4055,37.5643087495,127.0001720439
다조아GYM,체력단련장업,체력단련장,관악구,서울특별시 관악구 남부순환로220길 49 (봉천동),02-883-9682,37.4790338483906,126.951749778968
담장 클라이밍,인공암벽장업,인공암벽장,중구,서울특별시 중구 마른내로 63-3(인현동2가),,37.5644996570774,126.995050103853
당구 재미,당구장업,당구장,관악구,서울특별시 관악구 청룡1길 42 (봉천동),070-4241-4385,37.4808719314,126.948602568
대궐 당구장,당구장업,당구장,중구,서울특별시 중구 을지로 175-5(을지로4가),,37.5670225201981,126.997354842582
대산복싱클럽,체육도장업,권투,관악구,서울특별시 관악구 난곡로34길 1 (신림동),02-858-2348,37.4726528793,126.919473366
대우태권도,체육도장업,태권도,관악구,"서울특별시 관악구 청림6길 3, 관악푸르지오 상가동 110-3,206호 (봉천동)",02-888-4777,37.4875621618,126.9599377481
대원,당구장업,당구장,중구,서울 중구 을지로6가 18-134,,37.5671808503,127.008054679
대학촌,당구장업,당구장,관악구,서울특별시 관악구 신림로 323 (신림동),,37.4832299565,126.929547353
대한권투 체육관,체육도장업,권투,관악구,"서울특별시 관악구 신림로 391 (신림동,3층)",02-3285-4979,37.4890674453,126.927818637
대한권투체육관,체육도장업,권투,관악구,"서울특별시 관악구 신림로 108, 4층 (신림동)",,37.4711321238,126.937598547
대한당구장,당구장업,당구장,중구,서울특별시 중구 동호로33길 7 (오장동),,37.5653899313,127.0018019593
대한당구장,당구장업,당구장,중구,서울특별시 중구 퇴계로 209 (충무로4가),,37.56165611321331,126.99507428672712
대한체육관,체육도장업,태권도,관악구,,02-830-8687,37.4827023505,126.911380802
대호체육도장,체육도장업,태권도,관악구,"서울특별시 관악구 인헌6길 24, 지하1층, 3층 (봉천동)",,37.474131226,126.9655066698
더 슈트(The SUIT),체력단련장업,체력단련장,관악구,서울특별시 관악구 신림로15길 3(신림동),,37.4699938654444,126.937405848564
더 스테이 짐(The Stay Gym),체력단련장업,체력단련장,관악구,서울특별시 관악구 신사로 104-1 (신림동),,37.4872197363608,126.91406597477
더 스페셜 짐,체력단련장업,체력단련장,관악구,서울특별시 관악구 남부순환로 1734 (봉천동),02-884-0440,37.4819865023,126.942772304
더 캐럼 벙커,당구장업,당구장,중구,서울특별시 중구 장충단로 213(광희동2가),02-2272-3949,37.5637229051965,127.006817185343
더 현 스크린골프,골프연습장업,스크린,중구,"서울특별시 중구 퇴계로 447 (황학동, 황학 아크로타워)",02-2233-7279,37.5660402677,127.0217233062
더블B복싱클럽,체육도장업,권투,관악구,서울특별시 관악구 남부순환로 1795 (봉천동),02-878-1282,37.4818779164,126.949669187
더블B복싱클럽,체육도장업,권투,관악구,"서울특별시 관악구 남부순환로 1881, 태화빌딩 5층 (봉천동)",02-876-1282,37.479271738,126.9587067856
더블에스 휘트니스,체력단련장업,체력단련장,중구,서울특별시 중구 삼일대로 299(충무로2가),,37.5615704188052,126.988471331506
더월클라이밍(주) 신림점,인공암벽장업,인공암벽장,관악구,서울특별시 관악구 신원로 35 (신림동),02-877-8821,37.4823122359729,126.929023376476
더월클라이밍(주)사당지점,인공암벽장업,인공암벽장,관악구,서울특별시 관악구 과천대로 939 (남현동),02-585-8821,37.4743771732195,126.981430242321
더짐혼 2호점,체력단련장업,체력단련장,관악구,서울특별시 관악구 신원로 13 (신림동),070-7818-0101,37.4804889623084,126.927698678963
덕화원,체육도장업,검도,중구,서울특별시 중구 수표로 28 (저동2가),02-917-7979,37.5636992823,126.9903565664
데일리PT스튜디오,체력단련장업,체력단련장,관악구,"서울특별시 관악구 난곡로 100, 1층 103,104,105호 (신림동, 파로스프라자A동)",,37.4645001795,126.919613685
델피 운동센터,체력단련장업,체력단련장,중구,서울특별시 중구 다산로 137(신당동),,37.5561169034626,127.011111120255
도복소리태권도장,체육도장업,태권도,관악구,"서울특별시 관악구 쑥고개로11길 37, 은중빌딩 3층,지하1층층 (봉천동)",02-887-5339,37.4813567244,126.9422728267
도시공원,간이운동장,간이운동장,관악구,,02-820-1396,37.491837,126.936677
돌고래당구장,당구장업,당구장,중구,"서울 중구 명동1가 54-8,9",02-847-6915,37.5641274253,126.983701146
동남헬스크럽,체력단련장업,체력단련장,중구,중구 청계천로 180-2(주교동),,37.568507369,126.997727082
동대문골프존고은손,가상체험 체육시설업,골프,중구,서울특별시 중구 을지로 254 (을지로6가),02-2285-0753,37.5659916425,127.0062978532
동방 짐,체력단련장업,체력단련장,관악구,"서울특별시 관악구 호암로26길 17, 지층 (신림동)",02-871-1800,37.4707484769,126.934605421
동방짐 피트니스,체력단련장업,체력단련장,관악구,서울특별시 관악구 신림로 266(신림동),,37.4788188912085,126.932328416894
동방헬스장,체력단련장업,체력단련장,관악구,서울특별시 관악구 서림길 22 (신림동),02-6369-0202,37.4751074549,126.937739949
동방헬스타운,체력단련장업,체력단련장,관악구,"서울특별시 관악구 호암로26길 17, 2층 (신림동)",,37.4707484769,126.934605421
동아 태권도,체육도장업,태권도,관악구,서울특별시 관악구 관악로 287 (봉천동),02-872-8992,37.489395201,126.9569460849
동호당구장,당구장업,당구장,중구,서울특별시 중구 동호로 204 (신당동),,37.55621737774445,127.00995483107212
동화당구장,당구장업,당구장,중구,서울 중구 신당동 302-4 지하1층,,37.5632374394,127.014791034
동희SG스크린골프,가상체험 체육시설업,골프,관악구,서울특별시 관악구 신림로22길 24 (신림동),,37.47234926605163,126.9356892864668
두리,당구장업,당구장,중구,서울 중구 태평로1가 62-7,02-736-7085,37.568577028,126.975984926
두바이 당구클럽,당구장업,당구장,관악구,"서울특별시 관악구 남부순환로 1797 (봉천동,지층)",02-878-2905,37.4818924402,126.949922437
둘리당구장,당구장업,당구장,관악구,서울특별시 관악구 남부순환로 1541-1 (신림동),,37.4834017373,126.921885936
드림골프연습장,골프연습장업,실내,관악구,서울특별시 관악구 봉천로 226 (신림동),02-888-0076,37.48943794145694,126.92665135981208
드림당구장,당구장업,당구장,관악구,"서울특별시 관악구 호암로24길 43  (신림동,지층)",070-8981-8527,37.4695669201,126.935641931
드림당구장,당구장업,당구장,중구,서울특별시 중구 퇴계로73가길 36 (신당동),02-2233-0008,37.567050613826616,127.01346519080604
드림복싱클럽,체육도장업,권투,관악구,서울특별시 관악구 남부순환로 1434 (신림동),,37.4806182328615,126.9100762859731
드림복싱클럽,체육도장업,권투,관악구,"서울특별시 관악구 신림로 129 (신림동,4층)",02-883-1282,37.4708567753,126.934926376
드림스크린골프,골프연습장업,실내,관악구,"서울특별시 관악구 난곡로 270 (신림동,4층)",02-863-0753,37.4781498523,126.915478829
드림스포츠,체력단련장업,체력단련장,중구,서울특별시 중구 을지로 158 (을지로4가),,37.5659268564,126.9955901483
드림프렌즈스크린골프,가상체험 체육시설업,골프,관악구,"서울특별시 관악구 성현로 80 (봉천동, 관악드림타운아파트)",02-6332-1234,37.4898474387668,126.952985510916
드림합기도 HTA센터,체육도장업,합기도,관악구,서울특별시 관악구 양녕로 66 (봉천동),,37.4879641149935,126.946740171289
디앤스토리 댄스 스튜디오,무도학원업,무도학원,관악구,서울특별시 관악구 조원로2길 42 (신림동),,37.48189086825904,126.9015498647477
디에스디엘(주) 프레이저플레이스 센트럴 호텔,체력단련장업,체력단련장,중구,서울특별시 중구 통일로 78(순화동),02-2098-0530,37.5625812744423,126.969774286437
디자인휘트니스,골프연습장업,실내,중구,서울특별시 중구 덕수궁길 7(태평로2가),02-777-4280,37.5647244437,126.97635289
디지털 연습장,골프연습장업,실내,관악구,"서울특별시 관악구 시흥대로 578, 3층 (신림동)",02-6013-0707,37.4843090452,126.9032473163
라온스파,골프연습장업,실내,중구,"서울특별시 중구 칠패로 27, 지하1층(순화동)",02-775-0058,37.5602653691,126.972035326
라이프 헬스 클럽,체력단련장업,체력단련장,중구,중구 마장로9길 33(황학동),,37.5698032421,127.019329191
라이프짐 서원역점,체력단련장업,체력단련장,관악구,서울특별시 관악구 신림로 257 (신림동),,37.4778130267899,126.932525024133
랩스휘트니스 낙성대점 헬스 PT,체력단련장업,체력단련장,관악구,서울특별시 관악구 남부순환로 1895 (봉천동),9977-2518,37.4787202306311,126.960284807111
러너스하이 피트니스 신림,체력단련장업,체력단련장,관악구,서울특별시 관악구 남부순환로 1603(신림동),,37.4844379432327,126.928803713296
러쉬클랜,체육도장업,레슬링,관악구,서울특별시 관악구 남부순환로 1784 (봉천동),,37.4814196776,126.948448429
럭셔리 당구장,당구장업,당구장,중구,서울 중구  초동 158-5 3층,,37.563371403,126.991438661
럭스 당구장,당구장업,당구장,관악구,서울특별시 관악구 인헌길 35 (봉천동),02-884-4930,37.47398756164485,126.96693049272513
럭키헬스클럽,체력단련장업,체력단련장,관악구,서울특별시 관악구 신림로 272 (신림동),02-877-2660,37.479122805,126.932020399
런 서울대입구,체력단련장업,체력단련장,관악구,서울특별시 관악구 남부순환로 1832(봉천동),,37.4807059211487,126.953497637127
레드복싱 을지로,체육도장업,권투,중구,서울특별시 중구 마른내로 18(저동2가),,37.5646343728536,126.989722597206
레드우드 휘트니스,체력단련장업,체력단련장,관악구,서울특별시 관악구 미성길 27,02-830-7163,37.4746143812,126.915604906
로드빅토리,당구장업,당구장,중구,서울특별시 중구 퇴계로88길 20(신당동),,37.5647641578328,127.020885801266
로얄 당구장,당구장업,당구장,관악구,서울특별시 관악구 관악로 210 (봉천동),,37.48327838782956,126.95488277774596
로얄 당구클럽,당구장업,당구장,관악구,서울특별시 관악구 신원로 23 (신림동),,37.4817283471,126.925740833
로얄골프아카데미,가상체험 체육시설업,골프,관악구,서울특별시 관악구 양녕로 29 (봉천동),,37.4846673504229,126.946395058313
로얄당구장,당구장업,당구장,관악구,"서울특별시 관악구 남부순환로 1633  (신림동,3층)",,37.4848316738,126.932155429
로얄스포렉스,골프연습장업,실내,관악구,"서울특별시 관악구 양녕로 29, 지하1층 (봉천동)",02-874-1177,37.484026731,126.95160795
로얄스포렉스,골프연습장업,실내,관악구,"서울특별시 관악구 양녕로 29, 2층 (봉천동)",02-874-1177,37.484026731,126.95160795
롱큐당구장,당구장업,당구장,중구,서울 중구 을지로2가 199-40,02-775-6915,37.5647112939,126.983868536
롱투짐,체력단련장업,체력단련장,중구,서울특별시 중구 퇴계로8길 70(회현동1가),,37.5565886223647,126.980276412174
리당구클럽,당구장업,당구장,관악구,서울특별시 관악구 남현1길 47 (남현동),,37.475990762,126.9801387729
리더당구장,당구장업,당구장,중구,서울특별시 중구 남대문로1길 26-10(북창동),775-5467,37.5620867340846,126.977996467826
리더스 당구,당구장업,당구장,관악구,서울특별시 관악구 신림로 211 (신림동),02-8834-225,37.476490758,126.9365223386
리메이크바디샵,체력단련장업,체력단련장,관악구,서울특별시 관악구 남부순환로 1888 (봉천동),02-6015-7665,37.4785444562777,126.959002604542
리스펙 스포츠,체육교습업,농구,관악구,서울특별시 관악구 양녕로 50 (봉천동),02-876-7775,37.4864591968344,126.947220766123
리얼야구존 신림점,가상체험 체육시설업,야구,관악구,서울특별시 관악구 신림로 340 (신림동),02-882-6961,37.4847625375982,126.930096548294
릿업핏PT,체력단련장업,체력단련장,관악구,서울특별시 관악구 보라매로 22 (봉천동),,37.4913690304972,126.927315379523
마이큐,당구장업,당구장,관악구,서울특별시 관악구 낙성대로 10 (봉천동),,37.47776935036645,126.95909629926744
마인PT & 필라테스 신당청구점,체력단련장업,체력단련장,중구,서울특별시 중구 다산로36길 53(신당동),02-2233-5129,37.5615158438315,127.017843340173
만방 당구장,당구장업,당구장,관악구,서울특별시 관악구 남부순환로 1738 (봉천동),,37.4819722042,126.9430165301
매니아 당구클럽,당구장업,당구장,중구,서울특별시 중구 다산로 105(신당동),,37.5535087422633,127.009542983104
매봉산 배드민턴장,간이운동장,간이운동장,중구,,,37.5453660039,127.006323276
매일온천헬스,체력단련장업,체력단련장,중구,중구 을지로16길 5-10(인현동1가),,37.5657610038,126.994014568
맨하탄휘트니스,체력단련장업,체력단련장,중구,중구 퇴계로18길 5(남산동2가),02-777-9112,37.5603831516,126.985775434
메사 휘트니스 케어&골프,골프연습장업,실내,중구,"서울특별시 중구 남대문시장10길 2, 13층 1302호(회현동1가,  메사빌딩)",,37.5603750382,126.979600291
메타 크로스핏,체력단련장업,체력단련장,관악구,서울특별시 관악구 대학길 26 (신림동),02-000-0000,37.4696136226628,126.937716018708
명동,당구장업,당구장,중구,서울특별시 중구 세종대로14길 18 (북창동),02-318-0199,37.56277856106208,126.97773888292949
명동 바디플렉스짐 헬스&PT 명동본점,체력단련장업,체력단련장,중구,"중구 퇴계로 97, 지하1층(충무로1가, 대연각빌딩)",02-777-3434,37.5560194887,126.995409653
명동당구클럽,당구장업,당구장,중구,서울특별시 중구 난계로21길 63(황학동),,37.5638077703601,126.997555182293
명동사우나헬스,체력단련장업,체력단련장,중구,중구 명동10길 7-7(명동2가),02-776-9893,37.5635510376,126.985625427
명동힐스크린,골프연습장업,스크린,중구,서울특별시 중구 명동4길 25 (명동2가),02-754-0707,37.5624588355,126.9841089715
명문 당구장,당구장업,당구장,중구,서울특별시 중구 마장로5길 35 (황학동),,37.569590604936224,127.0193427196767
명보 당구클럽,당구장업,당구장,중구,서울특별시 중구 마른내로 41 (초동),,37.56458241386477,126.9924934264279
명천당구장,당구장업,당구장,중구,서울 중구 회현동2가 3번지,02-778-9343,37.5601232342,126.982565686
명풍 당구장,당구장업,당구장,중구,서울특별시 중구 퇴계로86길 101 (신당동),,37.5612295245824,127.01831739171988
몬스터 키즈 풀,수영장업,실내,관악구,"서울특별시 관악구 구암길 106 (봉천동, 관악드림타운 분산상가 지층 01~07호)",02-876-3377,37.491280404,126.948663283
무교스크린,골프연습장업,스크린,중구,서울특별시 중구 다동길 46(다동),02-756-6788,37.5678614943581,126.981726148037
무무관 화랑합기도장,체육도장업,합기도,관악구,서울특별시 관악구 은천로 42 (봉천동),,37.48598201260703,126.94002395429322
무브 유,체력단련장업,체력단련장,관악구,서울특별시 관악구 은천로 124 (봉천동),02-000-0000,37.4865535628013,126.94893008197
무브라이프짐,체력단련장업,체력단련장,관악구,서울특별시 관악구 난곡로 194 (신림동),02-866-0111,37.4722697720366,126.919608982564
무예합기도,체육도장업,합기도,관악구,서울특별시 관악구 조원로 157(신림동),,37.4860202491989,126.919605105318
무학,무도학원업,무도학원,관악구,서울특별시 관악구 봉천로12길 49(신림동),,37.4864806223175,126.930168216331
문화,당구장업,당구장,중구,서울 중구 충정로1가 58-3 청양빌딩 지하1층,,37.5674833434,126.968808932
미성체육관,체육관,구기체육관,관악구,서울특별시 관악구 난우16길 37 (신림동),02-2081-2640,37.4778617197503,126.919360939368
미스터버디 골프스쿨 회현점,가상체험 체육시설업,골프,중구,"서울특별시 중구 퇴계로 72(회현동1가, 리더스뷰남산)",02-3494-9297,37.5591253443035,126.980603849217
민당구장,당구장업,당구장,관악구,서울특별시 관악구 호암로22길 37 (신림동),02-8780-881,37.4689032955,126.9347652882
민족태권도,체육도장업,태권도,관악구,"서울특별시 관악구 양녕로6나길 18 (봉천동, 신봉아파트)",02-873-1888,37.4845553949,126.9489256757
밀리오레당구장,당구장업,당구장,중구,서울 중구 을지로6가18-185,,37.5683232954,127.008308354
바디 질,체력단련장업,체력단련장,관악구,서울특별시 관악구 양녕로 29 (봉천동),02-874-1177,37.4846673504,126.9463950583
바디가드 짐,체력단련장업,체력단련장,관악구,서울특별시 관악구 신림로 368 (신림동),,37.4871133964642,126.929253228862
바디에프오 낙성대점,체력단련장업,체력단련장,관악구,서울특별시 관악구 남부순환로 1951 (봉천동),02-883-4533,37.4763892324087,126.966079042098
바디케이PT 난곡점,체력단련장업,체력단련장,관악구,서울특별시 관악구 난곡로 173 (신림동),,37.4705630954799,126.91963409766
바디클래스,체력단련장업,체력단련장,관악구,서울특별시 관악구 봉천로 212(신림동),02-888-9682,37.4896370569469,126.925060666631
바비엥 휘트니스클럽,골프연습장업,실내,중구,서울특별시 중구 통일로 114(의주로1가),,37.5652414304,126.967931527
바운드짐,체력단련장업,체력단련장,관악구,서울특별시 관악구 남부순환로 1798(봉천동),02-877-0834,37.4812917378912,126.949923176815
박교수 체형교정센터,체력단련장업,체력단련장,관악구,서울특별시 관악구 난곡로 53 (신림동),,37.4602221608432,126.919326648265
박창환 복싱클럽,체육도장업,권투,중구,서울특별시 중구 퇴계로 438-1 (신당동),,37.5654422531,127.020337706
반얀트리 아이스링크,빙상장업,빙상장,중구,서울시 중구 장충단로 60(장충동2가),02-2236-3356,37.550069386,127.000497927
백마,당구장업,당구장,중구,서울 중구 신당동 52-13,02-2253-6566,37.5631827661,127.019069419
백무본관 합기도 특공무술,체육도장업,합기도,관악구,서울특별시 관악구 법원단지길 28 (신림동),02-831-4878,37.4741658821631,126.919248807252
백조,무도학원업,무도학원,중구,서울 중구 주교동 122-2,,37.5682154558,126.998283999
밸런스 메이트 PT STUDIO,체력단련장업,체력단련장,관악구,서울특별시 관악구 대학길 6 (신림동),,37.4703043630397,126.937764733151
버디골프스쿨,골프연습장업,실내,관악구,서울특별시 관악구 신림로 206 (신림동),02-884-4243,37.4756298851,126.937445578
범스골프스튜디오,가상체험 체육시설업,골프,중구,서울특별시 중구 다산로 239(무학동),,37.5644879841586,127.015782007676
범진권투,체육도장업,권투,관악구,서울특별시 관악구 남부순환로 1361 (신림동),,37.4798009775,126.902090768
벗 명보헬스클럽,체력단련장업,체력단련장,중구,중구 마른내로 50-1(인현동1가),,37.5641932345,126.993344629
베네치아 스포츠센터,골프연습장업,스크린,중구,"서울특별시 중구 청계천로 400 (황학동, 롯데캐슬베네치아)",,37.570977776453645,127.02143495625296
베네핏,체력단련장업,체력단련장,중구,서울특별시 중구 퇴계로86길 70 (신당동),,37.562580951985886,127.01874782234762
벤호건 스크린골프,골프연습장업,스크린,중구,서울특별시 중구 퇴계로86가길 25 (신당동),02-2233-0753,37.5622023627,127.0197935437
보고당구장,당구장업,당구장,중구,서울 중구 을지로2가 199-63,02-755-0602,37.5655510377,126.983981543
보스당구장,당구장업,당구장,중구,서울특별시 중구 다산로44길 19(신당동),,37.5650829518773,127.018020650943
보스당구클럽,당구장업,당구장,관악구,"서울특별시 관악구 신림로 206  (신림동,태영빌딩 3층)",02-6326-6578,37.4756298851,126.937445578
복싱 MMA 주짓수 마이티짐,체육도장업,권투,관악구,"서울특별시 관악구 봉천로 516, 5층 (봉천동)",02-6409-8879,37.4797323104,126.955658234
본당구클럽,당구장업,당구장,관악구,"서울특별시 관악구 남부순환로 1734, 지하1층 (봉천동)",02-878-7557,37.4819865023,126.942772304
봉,당구장업,당구장,중구,서울 중구 산림동 205,,37.5674657491,126.99537273
봉일골프랜드,골프연습장업,실내,관악구,서울특별시 관악구 은천로 28 (봉천동),02-874-5800,37.4850831667,126.952728894
봉일스파랜드,체력단련장업,체력단련장,관악구,서울특별시 관악구 은천로 28 (봉천동),02-874-4900,37.4850831667,126.952728894
봉일스파랜드,골프연습장업,실내,관악구,"서울특별시 관악구 은천로 28, 지하1층 (봉천동)",02-874-8500,37.4850831667,126.952728894
봉천스크린골프,골프연습장업,스크린,관악구,"서울특별시 관악구 쑥고개로 100 (봉천동, 생모리츠타운)",,37.47891815731291,126.94772205502365
봉천태양체육관,체육도장업,권투,관악구,서울특별시 관악구 양녕로 70 (봉천동),,37.4881688407548,126.946577767951
봉천태양체육관,골프연습장업,실내,관악구,서울특별시 관악구 양녕로 70 (봉천동),,37.4881688407548,126.946577767951
불패당구클럽,당구장업,당구장,중구,서울 중구 초동 158-1   2층,,37.5635588073,126.991397892
브라보당구장,당구장업,당구장,관악구,서울특별시 관악구 청룡길 9 (봉천동),,37.4814043396,126.9463771514
블랙멀티짐(서울대점),체력단련장업,체력단련장,관악구,서울특별시 관악구 관악로 217 (봉천동),02-885-8628,37.48437751230517,126.9546062356258
블랙박스,당구장업,당구장,중구,서울특별시 중구 마른내로2길 30(초동),,37.5633305026485,126.991506236821
블루,골프연습장업,실내,관악구,"서울특별시 관악구 관악로37길 15 (봉천동,동아타운21 지층)",02-877-0753,37.4889519678,126.95711821
블루당구장,당구장업,당구장,중구,서울특별시 중구 마른내로4길 23(인현동1가),,37.5632273882396,126.993744031668
비룡태권도체육관,체육도장업,태권도,관악구,"서울특별시 관악구 은천로25길 69, 5층 502호 (봉천동)",,37.4890673961,126.948357238
비앤비클럽,당구장업,당구장,중구,서울특별시 중구 퇴계로86길 39 (신당동),02-2237-5307,37.56371963315201,127.01983921947888
비전스크린 골프,골프연습장업,스크린,중구,"서울특별시 중구 동호로10길 30 (신당동, 약수하이츠)",02-2232-0002,37.5553084653,127.0163105142
비치바디,체력단련장업,체력단련장,중구,서울특별시 중구 난계로 197 (황학동),,37.56911417089922,127.02326816550726
비트스크린골프카페,가상체험 체육시설업,골프,관악구,서울특별시 관악구 신림로17길 62 (신림동),,37.4680047829085,126.936205424929
빅토리당구장,당구장업,당구장,중구,서울 중구 순화동 207-26,02-756-6130,37.5593571277,126.971881742
빌리#당구장,당구장업,당구장,관악구,서울특별시 관악구 신림로59길 15-10 (신림동),02-882-5386,37.4827287662,126.929163407
빌앤 당구장,당구장업,당구장,관악구,"서울특별시 관악구 신림로 329  (신림동,5층)",02-875-3500,37.4836731877,126.929438394
빌킬,당구장업,당구장,중구,서울특별시 중구 다산로40길 6(신당동),02-000-0000,37.5638915224973,127.016457376676
쁘렝땅당구장,당구장업,당구장,중구,서울 중구 을지로2가 50,02-773-1772,37.5665028114,126.986562073
사계절당구장,당구장업,당구장,관악구,서울특별시 관악구 신림로 362(신림동),02-871-0663,37.4866709615955,126.929487813026
사당 풋볼 아카데미,체육교습업,축구,관악구,서울특별시 관악구 남부순환로 2030 (남현동),,37.4759152954469,126.974265107747
삼거리당구장,당구장업,당구장,중구,서울 중구 황학동 2494 3층,,37.5654741534,127.023239868
삼모스포렉스&스파,종합체육시설업,종합체육시설,관악구,서울시 관악구 신림로 59길 23(신림동),02-878-5281,37.4828617669,126.928584395
삼성M 헬스클럽,체력단련장업,체력단련장,중구,중구 중림로 10,02-393-8707,37.5579685418,126.967771669
삼성당구장,당구장업,당구장,관악구,서울특별시 관악구 호암로 528 (신림동),,37.4647533264,126.931730473
삼성당구장,당구장업,당구장,중구,"서울특별시 중구 중림로 10 (중림동, 중림동 삼성 사이버 빌리지)",,37.55811560607746,126.965304338522
삼성당구장,당구장업,당구장,중구,서울 중구 서소문동 57-1,02-753-0609,37.5630152737,126.972301415
삼성산 스크린,골프연습장업,스크린,관악구,"서울특별시 관악구 호암로 399 (신림동, 삼성산주공아파트)",,37.461372542,126.9254535224
삼성유아태권도,체육도장업,태권도,관악구,서울특별시 관악구 청룡4길 46 (봉천동),,37.4811356863777,126.943724249966
삼성태권도체육관,체육도장업,태권도,중구,서울 중구 신당동 843 삼성(아) 중심상가 403호,02-2236-5220,37.5581698035,127.017895622
삼일 헬스,체력단련장업,체력단련장,중구,중구 퇴계로 42-1(남창동),02-752-9753,37.5637197002,127.019436278
삼호당구장,당구장업,당구장,중구,서울특별시 중구 을지로33길 22-4 (주교동),,37.56742619463982,126.99943857025984
새로나스크린골프,골프연습장업,스크린,중구,서울특별시 중구 남대문로 30 (남창동),,37.5608362518,126.9790478391
샤 당구클럽,당구장업,당구장,관악구,서울특별시 관악구 남부순환로 1924 (봉천동),,37.4769092337,126.9628773209
샤샤빌리아즈,당구장업,당구장,관악구,서울특별시 관악구 낙성대로 22 (봉천동),,37.4765240472309,126.958785739699
서소문 당구장,당구장업,당구장,중구,서울특별시 중구 서소문로 129(서소문동),02-754-7520,37.5637968168968,126.975224719196
서울YWCA 스포츠센터,수영장업,실내,중구,서울특별시 중구 명동11길 20,,37.5649025948,126.986150358
서울대 아고라,당구장업,당구장,관악구,"서울특별시 관악구 관악로 158, 지하2층 (봉천동)",,37.4793095347,126.952809411
서울대골프연습장,골프연습장업,실내,관악구,서울특별시 관악구 관악로15길 23-16 (봉천동),02-8750-753,37.4795933968,126.9507108606
서울대벤처타운역점 스포애니 (주)케이디헬스케어,체력단련장업,체력단련장,관악구,서울특별시 관악구 신림로 135 (신림동),02-876-9618,37.471091692931,126.934318776342
서울대스크린골프연습장,골프연습장업,스크린,관악구,서울특별시 관악구 관악로15길 23-11 (봉천동),02-875-0753,37.4797846059,126.951181061
서울대학교 Double S Fitness,체력단련장업,체력단련장,관악구,"서울특별시 관악구 관악로 1, 900동 B2호 (봉천동)",02-881-9235,37.4900837167,126.957348236
서울덕수초교 수영장,수영장업,실내,중구,서울특별시 중구 덕수궁길 140,02-739-0283,37.5690885161,126.974658129
서울레슬링센터,체육도장업,레슬링,관악구,서울특별시 관악구 남부순환로 1708 (봉천동),02-000-0000,37.482923301406,126.939732772464
서울시청역점 스포애니 (주)케이디스포츠,체력단련장업,체력단련장,중구,서울특별시 중구 서소문로 124(서소문동),,37.56310620292,126.975223589679
서울체육관,체육도장업,태권도,중구,서울 중구 신당2동 353-14 2층,02-2233-5915,37.5523972776,127.008261319
석사 경희태권도,체육도장업,태권도,관악구,,02-586-7676,37.4749809918,126.976643475
선샤인핏,체력단련장업,체력단련장,관악구,"서울특별시 관악구 쑥고개로 100 (봉천동, 생모리츠타운)",02-886-2258,37.4789469576,126.9476496779
선우체육관,체육관,구기체육관,관악구,서울특별시 관악구 문성로16다길 133-70 (신림동),02-2081-2665,37.4674327752862,126.91261164171
선일 당구장,당구장업,당구장,중구,서울특별시 중구 동호로 191(신당동),02-2234-6272,37.5549455286319,127.009965073767
설핏,체력단련장업,체력단련장,관악구,서울특별시 관악구 난곡로65길 9(신림동),,37.4822280381008,126.913663987458
성동구락부,당구장업,당구장,중구,서울 중구 무학동 32(2층),,37.5641708234,127.015171526
성무태권도,체육도장업,태권도,관악구,"서울특별시 관악구 신원로 16 (신림동,2층)",02-859-6634,37.4807385934,126.927930665
세계태권도체육관,체육도장업,태권도,관악구,서울특별시 관악구 난향길 5 (신림동),,37.4627339242,126.918557131
세로나휘트니스,골프연습장업,실내,중구,서울특별시 중구 남대문로 30(남창동),02-775-2523,37.5674828275,126.984388619
세븐 당구장,당구장업,당구장,관악구,"서울특별시 관악구 난곡로 316  (신림동,7층)",02-857-0390,37.4821678191,126.914737135
세븐당구장,당구장업,당구장,관악구,"서울특별시 관악구 난우길 20 (신림동, 금창빌딩)",,37.4747858961,126.918634496
세심한 PT studio,체력단련장업,체력단련장,중구,서울특별시 중구 퇴계로 409 (흥인동),,37.56580678318987,127.01700099216444
소공스크린골프,골프연습장업,스크린,중구,서울특별시 중구 세종대로18길 36 (소공동),,37.563751891,126.9791285164
손기정문화체육센터,체력단련장업,체력단련장,중구,서울특별시 중구 손기정로 101(만리동2가),02-392-6957,37.5554795035057,126.964815746241
손기정문화체육센터,골프연습장업,스크린,중구,서울특별시 중구 손기정로 101(만리동2가),392-6957,37.5554795035057,126.964815746241
손기정체육공원인조잔디축구장,축구장,축구장,중구,중구 손기정로 101,02-2280-8455,37.5568688301,126.966006605
수 당구장,당구장업,당구장,관악구,서울특별시 관악구 봉천로 615 (봉천동),,37.4757459374,126.965545949
수남스크린골프,골프연습장업,스크린,중구,서울특별시 중구 퇴계로41길 36(인현동2가),,37.5633881407747,126.996208629658
숭례문 당구클럽,당구장업,당구장,중구,서울특별시 중구 세종대로 23 (남대문로5가),,37.55903681935151,126.97382401020188
스윗짐,체력단련장업,체력단련장,중구,서울특별시 중구 퇴계로 456(신당동),,37.5652198296745,127.022159634615
스카이 P.P,체력단련장업,체력단련장,중구,"중구 마른내로 146, 3층(쌍림동)",070-4257-0087,37.5645573508,127.004174342
스카이 스크린골프,가상체험 체육시설업,골프,중구,서울특별시 중구 세종대로11길 30 (서소문동),,37.5623489690836,126.97421220368604
스카이당구장,당구장업,당구장,중구,서울 중구 주교동 67,,37.5686587552,126.999175952
스카이스크린골프,골프연습장업,스크린,중구,서울특별시 중구 퇴계로73가길 36 지하1층,,37.5670470098,127.01346519
스크린골프 남산타운,골프연습장업,스크린,중구,"서울특별시 중구 다산로 32 (신당동, 남산타운)",02-2238-1275,37.54901305214593,127.00927941764496
스타당구장,당구장업,당구장,관악구,서울특별시 관악구 신림로 376 (신림동),,37.48798324724765,126.92883280028568
스톤즈 클라이밍,인공암벽장업,인공암벽장,관악구,"서울특별시 관악구 남부순환로 1990-3 (봉천동, 닷컴 힐즈)",,37.4750684571627,126.970140807461
스트라이크존 사당역구장,가상체험 체육시설업,야구,관악구,서울특별시 관악구 과천대로 939 (남현동),02-588-3388,37.4743771732195,126.981430242321
스트라이크존 신림역구장,가상체험 체육시설업,야구,관악구,"서울특별시 관악구 신림로 350(신림동, 서원프라자, 태영아파트)",02-882-0909,37.4855072234589,126.929948753311
스포니스 약수점,체력단련장업,체력단련장,중구,서울특별시 중구 동호로10길 6(신당동),,37.5541077070949,127.011747637038
스포빌키즈쿠아수영장,수영장업,실내,중구,"서울특별시 중구 청계천로 400(황학동, 롯데캐슬베네치아)",02-2088-2083,37.5708105464699,127.021463886656
스포짐,체력단련장업,체력단련장,중구,"서울특별시 중구 세종대로 64, 해남빌딩 2층 210호 (태평로2가)",02-772-9682,37.5619733194,126.9766962522
스포츠 당구장,당구장업,당구장,관악구,서울특별시 관악구 낙성대로 11 (봉천동),,37.4773766443,126.9594854243
스포츠당구장,당구장업,당구장,중구,서울특별시 중구 동호로24길 27-7 (장충동2가),,37.560452379612215,127.00497090639858
스포츠당구장,당구장업,당구장,중구,서울특별시 중구 세종대로 7(남대문로5가),,37.5578468127684,126.972763731785
스핀당구장,당구장업,당구장,중구,서울 중구 신당동 251-66 지하1층,,37.5662540884,127.01385442
슬릭부스트 서울대입구점,체력단련장업,체력단련장,관악구,서울특별시 관악구 남부순환로 1814 (봉천동),02-3285-1814,37.4810358154572,126.951566124274
승리 당구클럽,당구장업,당구장,관악구,서울특별시 관악구 신림로 89 (신림동),02-000-0000,37.4702898678771,126.939521348786
시그마스포츠클럽,체력단련장업,체력단련장,중구,"서울특별시 중구 세종대로 136, 파이낸스빌딩 (태평로1가)",02-777-8200,37.5684232177,126.9782565325
시대당구장,당구장업,당구장,중구,서울 중구 서소문동 120-13,02-771-3979,37.5623020486,126.973899833
시립서울청소년센터,체력단련장업,체력단련장,중구,서울특별시 중구 을지로11길 23 (수표동),02-2266-8247,37.56748348264467,126.9905643510226
시즌온짐,체력단련장업,체력단련장,관악구,서울특별시 관악구 관악로 204 (봉천동),,37.48296100864343,126.95429955873112
신당 홀인원 스크린,가상체험 체육시설업,골프,중구,서울특별시 중구 다산로 232 (신당동),02-2252-2260,37.5636228941,127.0161040649
신당스크린골프,골프연습장업,스크린,중구,서울특별시 중구 다산로40길 14 (신당동),02-2236-9993,37.5638138172,127.0167379477
신림유도관,체육도장업,유도,관악구,서울특별시 관악구 남부순환로 1536 (신림동),02-867-9354,37.4827778588,126.9213122223
신림체육센터,체육관,생활체육관,관악구,서울특별시 관악구 난곡로58길 13 (신림동),02-869-1888,37.4800711987,126.9160329184
신림체육센터수영장,수영장,수영장,관악구,서울특별시 관악구 난곡로58길 13 (신림동),02-869-1888,37.4800711987,126.9160329184
신림헬스 고운짐,체력단련장업,체력단련장,관악구,서울특별시 관악구 신림로64길 23 (신림동),02-000-0000,37.4852226853822,126.931021236392
신성동아태권도,체육도장업,태권도,중구,서울 중구 신당4동 842 동아약수하이츠상가603호,02-6261-1188,37.5547680771,127.014707876
신성태권도체육관,체육도장업,태권도,관악구,서울특별시 관악구 남부순환로161가길 6 (신림동),,37.4852421871,126.9184924518
신현선무관,체육도장업,합기도,관악구,서울특별시 관악구 장군봉1길 45 (봉천동),,37.4817359311495,126.942585377766
신흥골프스쿨,골프연습장업,스크린,중구,서울특별시 중구 다산로 185(신당동),,37.5601736712129,127.013443806995
심플앤이지골프,골프연습장업,스크린,관악구,"서울특별시 관악구 봉천로 516, 지하1층 (봉천동)",,37.4797323104,126.955658234
써밋복싱,체육도장업,권투,관악구,"서울특별시 관악구 은천로 35, 3층 (봉천동)",,37.4863960508,126.939191435
썬 무도학원,무도학원업,무도학원,중구,서울특별시 중구 세종대로 28 (남대문로5가),,37.5588849988761,126.974638383017
썬당구장,당구장업,당구장,관악구,서울특별시 관악구 난곡로 170-6 (신림동),,37.47013065,126.9203578198
썬당구장,당구장업,당구장,중구,서울특별시 중구 창경궁로 6 (충무로5가),,37.562921208813314,126.99877307824534
썬코리아SK당구장,당구장업,당구장,중구,,02-757-2486,37.2109434596,127.0383576089
쓰리세븐당구장,당구장업,당구장,관악구,서울특별시 관악구 남부순환로 1647 (신림동),02-877-7373,37.4849911673,126.9337698812
씨티당구장,당구장업,당구장,중구,서울 중구 수하동 63,02-774-6929,37.5669240755,126.983401713
아리랑당구장,당구장업,당구장,중구,서울특별시 중구 세종대로 7 (남대문로5가),02-3789-9199,37.55784364810054,126.97271529318886
아성당구장,당구장업,당구장,관악구,서울특별시 관악구 호암로24길 41 (신림동),,37.469624055963,126.935498316264
아이골프존,골프연습장업,실내,관악구,"서울특별시 관악구 남부순환로 1878 (봉천동,지층)",02-874-2180,37.4788322006,126.958123424
아이골프존,골프연습장업,실내,관악구,"서울특별시 관악구 청룡1길 37 (봉천동,지층)",02-874-0600,37.481196186,126.948353611
아이골프존 서울대지점,골프연습장업,실내,관악구,"서울특별시 관악구 남부순환로 1777-7, 지하1층 (봉천동)",,37.4823851968,126.947624667
아크로 휘트니스,체력단련장업,체력단련장,관악구,서울특별시 관악구 인헌길 68 (봉천동),,37.4723655801,126.966352402
아트당구장,당구장업,당구장,중구,"서울 중구 다산로 255, 3층(흥인동)",,37.5658357671,127.015909856
애슬릿 라이프,체력단련장업,체력단련장,중구,"서울특별시 중구 다산로46길 17, 청계천두산위브더제니스 2층 207호~209호호 (흥인동)",,37.5668675982,127.0171229131
양지골프연습장,골프연습장업,실내,관악구,서울특별시 관악구 문성로 95 (신림동),02-839-7785,37.47777768156867,126.91415423125292
어반골프존,가상체험 체육시설업,골프,관악구,서울특별시 관악구 난곡로64길 5 (신림동),02-861-6664,37.48134626937239,126.91497323627112
얼티밋트레이닝 서울대점,체력단련장업,체력단련장,관악구,서울특별시 관악구 남부순환로 1799 (봉천동),02-3285-2022,37.4818636959014,126.9501304904962
얼티밋트레이닝 신림점,체력단련장업,체력단련장,관악구,"서울특별시 관악구 봉천로14길 12 (신림동, 관전GT타워)",02-875-2023,37.4875456723701,126.929962905972
에스알씨 스포츠센터,수영장업,실내,관악구,서울특별시 관악구 보라매로 44 (봉천동),02-871-3636,37.4931685564,126.9273714192
에스엠 휘트니스,체력단련장업,체력단련장,관악구,서울특별시 관악구 남부순환로 1479 (신림동),02-859-5588,37.4821787779,126.9149406353
에이스당구장,당구장업,당구장,중구,서울 중구 신당2동 374-15,070-8118-1567,37.5555794086,127.01067453
에이스당구장,당구장업,당구장,중구,서울 중구 남산동2가 27-1,02-777-6637,37.5587289374,126.985911563
에이스스크린골프존,골프연습장업,스크린,중구,서울특별시 중구 다산로36길 53 (신당동),,37.5615143123,127.0178420948
에이스프레야,당구장업,당구장,중구,서울 중구 을지로6가 17-2,,37.5686440889,127.007733368
에이원 휘트니스,체력단련장업,체력단련장,중구,서울특별시 중구 청계천로 24(다동),,37.5685159133492,126.98020965303
에이치코어,체력단련장업,체력단련장,관악구,서울특별시 관악구 봉천로 485 (봉천동),02-6052-4099,37.4821241769139,126.953900504959
에이치코어낙성대점,체력단련장업,체력단련장,관악구,서울특별시 관악구 남부순환로 1921(봉천동),,37.477661640408,126.962793626502
에이투엠 골프아카데미,가상체험 체육시설업,골프,중구,서울특별시 중구 다동길 46(다동),070-5055-3381,37.5678614943581,126.981726148037
에이피엠당구장,당구장업,당구장,중구,"서울 중구 장충단로253, 9층 22,23호 (을지로6가, 헬로우APM)",02-925-3046,37.5674871874,127.008077351
에프45낙성대(F45낙성대),체력단련장업,체력단련장,관악구,서울특별시 관악구 남부순환로 1926 (봉천동),050-714-3477,37.4768185857401,126.963144853114
엘리트핏24,체력단련장업,체력단련장,중구,서울특별시 중구 통일로 10 (남대문로5가),,37.55713029833667,126.97377487972412
엠.티.엠 휘트니스클럽,체력단련장업,체력단련장,중구,중구 명동8길 27(명동2가0,02-776-1683,37.5625310531,126.985168359
엠씨티 짐 시청,체력단련장업,체력단련장,중구,서울특별시 중구 남대문로9길 40(다동),,37.5671421016237,126.980368823536
엠에프(MF),체력단련장업,체력단련장,관악구,"서울특별시 관악구 남부순환로 1474, 3-4층 (신림동)",,37.5248304019,126.8700225433
엠제이핏 PT,체력단련장업,체력단련장,관악구,서울특별시 관악구 은천로 48 (봉천동),,37.4859763994096,126.940505291228
엠피트니스,골프연습장업,스크린,중구,서울특별시 중구 서소문로11길 19 (정동),02-777-5011,37.5637864764,126.9720883394
엠피트니스,체력단련장업,체력단련장,중구,서울특별시 중구 서소문로11길 19 (정동),02-777-5011,37.5637864764,126.9720883394
연세기백태권도장,체육도장업,태권도,관악구,,,37.4792370923,126.909037805
영,무도학원업,무도학원,중구,서울 중구 남대문로5가 17-3,02-777-8715,37.5584963354,126.974344818
예스통상,골프연습장업,실외,중구,서울특별시 중구 퇴계로36길 37,02-2263-7523,37.5604415832,126.995413909
예원,당구장업,당구장,관악구,서울특별시 관악구 승방2길 39  (남현동),,37.4757097723,126.980898563
오늘부터 운동PT,체력단련장업,체력단련장,관악구,서울특별시 관악구 남부순환로 1934 (봉천동),02-000-0000,37.4766373051657,126.963735538331
온오프짐,체력단련장업,체력단련장,관악구,"서울특별시 관악구 봉천로 217-1, 4층 (봉천동)",,37.4901461618,126.9259748195
온오프짐 당곡역점,체력단련장업,체력단련장,관악구,서울특별시 관악구 보라매로 4 (봉천동),,37.4899597205932,126.92797868299
온핸드짐 PT,체력단련장업,체력단련장,관악구,서울특별시 관악구 쑥고개로 52 (봉천동),,37.4794739907696,126.942302991996
올록볼록 PT Studio,체력단련장업,체력단련장,중구,"서울특별시 중구 중림로 10, 2동 207호 (중림동, 중림동 삼성 사이버 빌리지)",02-365-1712,37.5589266608,126.9643208929
올포원 휘트니스,체력단련장업,체력단련장,중구,"중구 을지로 221, 지하2층(을지로5가, 삼성파크빌)",,37.5672711923,127.002766394
올포원 휘트니스,골프연습장업,스크린,중구,서울특별시 중구 난계로21길 63(황학동),2268-3086,37.5638077703601,126.997555182293
왕호체육관,체육도장업,태권도,중구,서울특별시 중구 다산로18길 21(신당동),2237-5800,37.556750903074,127.01317734321
용인대 강 태권도,체육도장업,태권도,관악구,서울특별시 관악구 법원단지10길 2 (신림동),02-869-6123,37.4736159466,126.920639007
용인대 리더 태권도,체육도장업,태권도,관악구,서울특별시 관악구 은천로25길 27 (봉천동),02-882-3450,37.4879469541,126.94930781
용인대 아리랑 태권도장,체육도장업,태권도,중구,서울 중구 신당동 291-29,02-2232-3555,37.5618604362,127.016882385
용인대TOP복싱클럽,체육도장업,권투,관악구,서울특별시 관악구 남부순환로247길 3 (봉천동),02-874-7989,37.4765281291,126.9659435403
용인대광무육사체육관,체육도장업,태권도,중구,서울 중구 신당동 62-95,02-2232-6785,37.5610887828,127.019480867
용인대세일태권도,체육도장업,태권도,관악구,"서울특별시 관악구 신림로29길 8 (신림동, 신림현대아파트)",02-886-7195,37.4755696757,126.9328104644
용인대수석태권도,체육도장업,태권도,관악구,"서울특별시 관악구 난곡로 50 (신림동,402호)",02-862-0006,37.4604788968,126.920178167
용좌당구장,당구장업,당구장,중구,서울특별시 중구 다동길 16 (다동),,37.5676804086,126.9801416194
우리 당구장,당구장업,당구장,관악구,서울특별시 관악구 난곡로63길 65 (신림동),,37.48041356967289,126.91108954937522
우리 크로스핏 지엘짐 역도체육관 본점,체력단련장업,체력단련장,관악구,"서울특별시 관악구 쑥고개로 121 (봉천동, 삼일빌딩)",02-882-1904,37.4791492883376,126.950064685615
우일스크린 골프연습장,골프연습장업,실내,중구,서울특별시 중구 마장로 62(흥인동),02-000-0000,37.5677716362768,127.016640695817
운동하는날 낙성대점,체력단련장업,체력단련장,관악구,서울특별시 관악구 봉천로 604 (봉천동),,37.4759302068049,126.964076509702
운동하는날 서울대봉천점,체력단련장업,체력단련장,관악구,서울특별시 관악구 쑥고개로 75 (봉천동),02-882-8296,37.4796636465434,126.94493248435
운동해야짐,체력단련장업,체력단련장,관악구,서울특별시 관악구 양녕로 50 (봉천동),02-000-0000,37.4864591968344,126.947220766123
울트라 검도관,체육도장업,검도,중구,서울 중구 저동2가 47-9,02-2268-4453,37.5637137026,126.990410894
움직일 시간,체력단련장업,체력단련장,관악구,서울특별시 관악구 봉천로 568-1 (봉천동),,37.4773196251448,126.960594754919
원 캐롬클럽,당구장업,당구장,관악구,서울특별시 관악구 신림동5길 31 (신림동),02-000-0000,37.4858919115747,126.927636033729
원스크린골프장,골프연습장업,스크린,중구,서울특별시 중구 마른내로 72 (인현동2가),02-2269-1031,37.5635446306,126.99581666
원펀짐,체력단련장업,체력단련장,관악구,서울특별시 관악구 신림로 108 (신림동),070-8648-1400,37.4711305016924,126.937597983499
월드 스크린골프,골프연습장업,스크린,관악구,"서울특별시 관악구 양녕로 15 (봉천동,지층)",02-885-5210,37.4845054161,126.950042804
월드당구장,당구장업,당구장,중구,서울특별시 중구 을지로44길 6(을지로6가),,37.5658733289796,127.00653203151
월드컵,당구장업,당구장,중구,서울 중구 묵정동 29-6,,37.5614940362,127.000298802
웨슬리짐,체력단련장업,체력단련장,관악구,서울특별시 관악구 봉천로 516 (봉천동),,37.479789029001,126.955538470679
웨슬리짐,체력단련장업,체력단련장,관악구,서울특별시 관악구 봉천로 516 (봉천동),,37.4797323104,126.9556582338
웰리스,체력단련장업,체력단련장,중구,서울특별시 중구 난계로21길 63(황학동),02-2288-3114,37.5638077703601,126.997555182293
웰리스,골프연습장업,스크린,중구,서울특별시 중구 한강대로 416(남대문로5가),02-2288-3114,37.555503632236,126.973751343837
웰리스 휘트니스,골프연습장업,실내,중구,서울특별시 중구 통일로 92 ACE타워  지하1층,,37.5635947529,126.96922255
위너스 당구장,당구장업,당구장,관악구,서울특별시 관악구 난곡로 214 (신림동),,37.47390617700936,126.9181515946996
위더스헬스클럽,체력단련장업,체력단련장,중구,중구 필동로 32(필동2가),,37.5553455129,126.994703494
위드당구클럽,당구장업,당구장,중구,서울특별시 중구 다산로11길 19(신당동),070-8116-5979,37.5547331330726,127.009230557398
유얼스짐PT 구로디지털점,체력단련장업,체력단련장,관악구,서울특별시 관악구 조원로 10-1 (신림동),,37.4832968374719,126.903449197834
유얼스짐PT 신대방역점,체력단련장업,체력단련장,관악구,서울특별시 관악구 난곡로 357(신림동),02-868-0103,37.4859134542249,126.91344763033
유얼스짐PT 신림역점,체력단련장업,체력단련장,관악구,서울특별시 관악구 신림로 367 (신림동),02-876-0103,37.4870995755769,126.928744426224
유창 당구장,당구장업,당구장,관악구,"서울특별시 관악구 은천로23길 14  (봉천동,2층)",,37.4872617116,126.948209228
유코치 PT,체력단련장업,체력단련장,관악구,서울특별시 관악구 남부순환로 1905 (봉천동),,37.4783183942378,126.9611391649
유쾌한 케롬당구장,당구장업,당구장,관악구,서울특별시 관악구 봉천로 474 (봉천동),,37.48186107923922,126.95252741229424
은천태권도장,체육도장업,태권도,관악구,서울특별시 관악구 은천로11길 7 (봉천동),,37.4864550296,126.941801024
을지 스크린골프,골프연습장업,스크린,중구,서울특별시 중구 을지로 109 (을지로3가),02-2272-0753,37.56649955658652,126.99009360441056
을지 휘트니스,체력단련장업,체력단련장,중구,서울특별시 중구 을지로14길 8 (을지로3가),02-2264-2346,37.56604919073951,126.9918186704448
을지 휘트니스,골프연습장업,실내,중구,서울특별시 중구 을지로14길 8 (을지로3가),02-2264-2346,37.56604919073951,126.9918186704448
을지관 드림합기도,체육도장업,합기도,관악구,서울특별시 관악구 관악로28길 20 (봉천동),,37.4850822544244,126.957190071396
을지당구장,당구장업,당구장,중구,서울특별시 중구 충무로7길 6(을지로3가),,37.5659566016274,126.992313996755
응봉(한마음) 배드민턴장,간이운동장,간이운동장,중구,,,37.5516794791,127.014521674
이너멜 피트니스,체력단련장업,체력단련장,관악구,서울특별시 관악구 신림로 132 (신림동),070-7585-9679,37.4716050894308,126.934971850717
이너핏,체력단련장업,체력단련장,관악구,서울특별시 관악구 신사로 104 (신림동),,37.4871172138433,126.91395890169
이로운 퍼스널 트레이닝 스튜디오,체력단련장업,체력단련장,중구,"중구 퇴계로31길 16, 3층(충무로3가)",070-4249-1212,37.561893835,126.992407677
익스트림에스,체육도장업,권투,관악구,서울특별시 관악구 남부순환로 1790 (봉천동),,37.4813657862,126.9488373976
익스트림에스,체육도장업,권투,관악구,서울특별시 관악구 남부순환로 1641 (신림동),,37.4849165638824,126.932812496915
인바이트짐,체력단련장업,체력단련장,관악구,서울특별시 관악구 봉천로31길 6 (봉천동),,37.4839898410815,126.941557923112
인발란스,종합체육시설업,종합체육시설,중구,서울특별시 중구 을지로 238 (을지로6가),02-3425-8000,37.56626923706158,127.0043510131902
일번가,당구장업,당구장,중구,서울 중구 을지로2가 199-46,02-776-6174,37.5645274279,126.983415827
일번지당구장,당구장업,당구장,중구,서울특별시 중구 난계로21길 63(황학동),,37.5638077703601,126.997555182293
일이삼스크린골프,가상체험 체육시설업,골프,관악구,"서울특별시 관악구 신원로 26 (신림동, 신림동부아파트)",02-855-0753,37.4811549763764,126.928270805228
자마이카 골프 아카데미,가상체험 체육시설업,골프,관악구,서울특별시 관악구 신림로 340 (신림동),02-878-8188,37.4847625375982,126.930096548294
자마이카 골프존파크24,가상체험 체육시설업,골프,관악구,서울특별시 관악구 신림로 340 (신림동),,37.4847625375982,126.930096548294
자마이카 짐,체력단련장업,체력단련장,관악구,서울특별시 관악구 신림로 340 (신림동),,37.4847619977,126.930097679
자마이카휘트니스,체력단련장업,체력단련장,관악구,"서울특별시 관악구 남부순환로 1820, 13층 (봉천동)",,37.4809490796,126.952084791
장교휘트니스센터,골프연습장업,실내,중구,"서울특별시 중구 삼일대로 363, 지하1층(장교동, 장교빌딩)",02-777-9774,37.5671551871,126.987050942
장군봉체육관,체육관,구기체육관,관악구,서울특별시 관악구 남부순환로194길 81-12 (신림동),02-2081-2645,37.4814669786738,126.934770648085
장충 당구장,당구장업,당구장,중구,서울특별시 중구 동호로 207(신당동),,37.5562220380144,127.009149029038
장충골프연습장,골프연습장업,실내,중구,"서울특별시 중구 동호로24길 27-14, 지하1층(장충동2가)",,37.5606938623,127.004586106
장충문화체육센터,체육관,생활체육관,중구,서울특별시 중구 퇴계로50길 59 (장충동2가),,37.5599695425,127.0013264719
장충체육관,체육도장업,태권도,중구,서울특별시 중구 퇴계로56길 47(장충동2가),,37.5617495963525,127.005812167831
장충헬스클럽,체력단련장업,체력단련장,중구,"중구 동호로24길 27-14, 지하1층(장충동2가)",,37.5606938623,127.004586106
장충휘트니스클럽,체력단련장업,체력단련장,중구,중구 동호로 241(장충동2가),,37.5491718717,127.005341335
장프로 포켓하우스,당구장업,당구장,관악구,서울특별시 관악구 신원로 38 (신림동),070-8102-9101,37.4813460259,126.925275398
정 당구장,당구장업,당구장,중구,서울특별시 중구 을지로14길 30 (초동),02-2277-5915,37.564870702694456,126.99203611954444
정동스크린골프,골프연습장업,스크린,중구,서울특별시 중구 새문안로 26 (충정로1가),02-735-0753,37.56748334338328,126.96880893237604
정동스크린골프,가상체험 체육시설업,골프,중구,서울특별시 중구 새문안로 26(충정로1가),02-735-0753,37.5675120768212,126.968777453129
정안당구장,당구장업,당구장,중구,서울 중구 서소문동 57-10 정안빌딩 지하1층,,37.5628493584,126.971744608
정피트니스,체력단련장업,체력단련장,관악구,서울특별시 관악구 시흥대로 548 (신림동),,37.4817895664,126.9010841817
정피트니스(2호점),체력단련장업,체력단련장,관악구,서울특별시 관악구 시흥대로 568(신림동),,37.4833757831639,126.902373852685
제이골프,가상체험 체육시설업,골프,중구,서울특별시 중구 필동로 14(필동2가),02-2268-3777,37.5604061015074,126.995890968916
제이디피티샵,체력단련장업,체력단련장,관악구,"서울특별시 관악구 보라매로3길 29 (봉천동, 해태보라매타워)",,37.4912113425285,126.924990343437
제이오 풋볼센터,체육교습업,축구,관악구,"서울특별시 관악구 관악로30길 12, 제상가동 2층 204~208호 (봉천동, 관악 우성아파트)",,37.4841357625,126.9606073437
제이현핏 PT 스튜디오,체력단련장업,체력단련장,중구,서울특별시 중구 다산로 107 (신당동),02-2231-4534,37.5536619054708,127.009622335265
제일,당구장업,당구장,중구,서울 중구 충무로4가 150,,37.5624885854,126.994019357
제일아이캔태권도,체육도장업,태권도,관악구,서울특별시 관악구 신림로 129 (신림동),,37.4708567753,126.934926376
제임스짐,체력단련장업,체력단련장,관악구,서울특별시 관악구 관악로40길 47 (봉천동),,37.4920556799,126.958925678
제임스킬짐PT 서울대입구점,체력단련장업,체력단련장,관악구,"서울특별시 관악구 관악로 163 (봉천동, 효원빌딩)",02-873-6945,37.4798750606,126.952044775
조원생활스포츠센터,체육관,생활체육관,관악구,서울특별시 관악구 조원로 25 (신림동),02-2029-4593,37.483708310871,126.905433298638
조원힐링당구장,당구장업,당구장,관악구,"서울특별시 관악구 조원로 6, 5층 (신림동)",,37.4850464658,126.91339515
조은,당구장업,당구장,중구,서울 중구 중림동 610,02-392-1220,37.5595209191,126.964488794
조이 스크린골프,골프연습장업,스크린,중구,서울특별시 중구 장충단로 213 (광희동2가),02-2269-1341,37.5637211031,127.006818317
조이스크린골프,골프연습장업,스크린,중구,서울특별시 중구 퇴계로18길 14 (남산동1가),02-771-2250,37.5602136793,126.9850873284
조이풀 피티샵,체력단련장업,체력단련장,관악구,서울특별시 관악구 신림로 148 (신림동),,37.4723945221273,126.933777719101
조인성 퍼스널트레이닝 No.3,체력단련장업,체력단련장,중구,서울특별시 중구 난계로 159(황학동),02-924-5111,37.5656778479688,127.023344404606
종아부설 태권도장,체육도장업,태권도,중구,서울특별시 중구 난계로21길 63(황학동),2233-0678,37.5638077703601,126.997555182293
주니어유나이티드아카데미 관악지점,체육교습업,축구,관악구,서울특별시 관악구 청림6길 3 (봉천동),02-1811-7909,37.4875621618116,126.959937748135
주식회사 관악투엑스휘트니스,골프연습장업,실내,관악구,서울특별시 관악구 청림6길 3,02-878-9811,37.4875618011,126.959936731
주식회사 관악투엑스휘트니스,체력단련장업,체력단련장,관악구,서울특별시 관악구 청림6길 3,02-878-9811,37.4875618011,126.959936731
주식회사 짐구공 헬스피티 요가이서 시청역점,체력단련장업,체력단련장,중구,"서울특별시 중구 서소문로 115, 102~103호,한산빌딩 (서소문동)",02-774-8733,37.5634139995,126.973634591
주식회사 태평로 바디스타,체력단련장업,체력단련장,중구,서울특별시 중구 세종대로 55 (태평로2가),,37.56155267382679,126.9750771931386
주식회사 피트니스101,가상체험 체육시설업,골프,중구,서울특별시 중구 삼일대로 343(저동1가),,37.5651004556362,126.986959615068
주식회사바운드 신림역점,체력단련장업,체력단련장,관악구,서울특별시 관악구 신림로58길 13 (신림동),02-882-0834,37.4826196254442,126.93063378688
주한외국인체육관(세계태권도연구소),체육도장업,태권도,관악구,"서울특별시 관악구 당곡길 74(봉천동,광덕빌딩 6층)",02-884-5833,37.4920440362,126.927268477
줄돌이태권도체육관,체육도장업,태권도,관악구,"서울특별시 관악구 문성로 95, 2층 (신림동)",02-855-7934,37.477734443,126.914167847
중구검도장,체육도장업,검도,중구,서울 중구 청구로1길 23 삼성(아) 상가1 304호(지하주차장입구),02-2232-1152,37.5585373253,127.018448019
중구회현체육센터,체육관,생활체육관,중구,서울특별시 중구 퇴계로12길 78(회현동1가),02-2280-8433,37.5560315749818,126.981637818762
중부골프 앤 헬스,골프연습장업,실내,중구,서울특별시 중구 동호로33길 24 (오장동),,37.56565303200987,127.00096436854918
중앙골프연습장,골프연습장업,실내,중구,서울특별시 중구 서소문로 89-20(정동),,37.5631809779,126.971966325
중앙당구장,당구장업,당구장,관악구,서울특별시 관악구 장군봉1길 26 (봉천동),,37.4817011814,126.9415424072
중앙당구장,당구장업,당구장,중구,서울 중구 황학동 730번지 3층,,37.5658965173,127.019373457
중앙체육관,체육도장업,태권도,중구,서울 중구 퇴계로 377,02-2237-0251,37.5652522238,127.013482977
중앙체육관,체육도장업,권투,중구,"서울 중구 신당동 250-32,33",02-2237-0251,37.5652558272,127.013487505
지에이스포츠,체육교습업,축구,관악구,서울특별시 관악구 은천로 149(봉천동),,37.4865523414687,126.952035419049
짐 인 더 하우스 2호점,체력단련장업,체력단련장,관악구,서울특별시 관악구 보라매로 13 (봉천동),,37.4905918518063,126.927072002784
짐박스 신림3호점,체력단련장업,체력단련장,관악구,서울특별시 관악구 신림로23길 16 (신림동),02-878-6459,37.4704811658789,126.934476782389
짐박스피트니스 난곡점,체력단련장업,체력단련장,관악구,"서울특별시 관악구 난곡로 210 (신림동,6,7층)",02-838-1381,37.4737298511,126.918545201
짐박스피트니스 봉천현대시장점,체력단련장업,체력단련장,관악구,서울특별시 관악구 양녕로 46 (봉천동),,37.4861422511009,126.947285551333
짐박스피트니스 사당2호점,체력단련장업,체력단련장,관악구,서울특별시 관악구 남부순환로 2074 (남현동),02-588-2998,37.4761356402384,126.979070603665
짐박스피트니스 서울대기숙사점,체력단련장업,체력단련장,관악구,서울특별시 관악구 관악로 1 (신림동),02-881-9081,37.4662872666604,126.94815644252
짐박스피트니스 서울대입구점,체력단련장업,체력단련장,관악구,서울특별시 관악구 남부순환로 1836 (봉천동),02-875-6455,37.4805323031355,126.953743537738
짐박스피트니스 신림4호점,체력단련장업,체력단련장,관악구,서울특별시 관악구 신림로 198 (신림동),070-8873-5650,37.4750584342666,126.93688000303
짐박스피트니스 신림역점,체력단련장업,체력단련장,관악구,서울특별시 관악구 신림로59길 14(신림동),02-878-6452,37.4832898616637,126.928776084349
짐엑스 신대방점,체력단련장업,체력단련장,관악구,서울특별시 관악구 남부순환로161가길 34 (신림동),,37.484976251885,126.91687203924
짐엑스 신사시장점,체력단련장업,체력단련장,관악구,서울특별시 관악구 조원로 132 (신림동),,37.4852547882808,126.916921480265
채육관,체력단련장업,체력단련장,관악구,서울특별시 관악구 남부순환로246라길 3 (봉천동),,37.4747940279578,126.96405862610496
챌린지 복싱클럽,체육도장업,권투,관악구,서울특별시 관악구 신림로 113 (신림동),02-888-8554,37.4706270602,126.9366629518
챔프골프연습장,골프연습장업,실내,관악구,서울특별시 관악구 남부순환로 1932 (봉천동),02-874-0287,37.4768193439,126.963555693
천둥스크린골프,가상체험 체육시설업,골프,관악구,서울특별시 관악구 남부순환로 1369 (신림동),02-838-8009,37.4800935051762,126.90281849007418
천마 태권도,체육도장업,태권도,관악구,서울특별시 관악구 난우길 39 (신림동),,37.4761401538,126.91739396
천프로짐 헬스&PT 사당역점,체력단련장업,체력단련장,관악구,"서울특별시 관악구 남부순환로 2022, 정윤빌딩 2층 (남현동)",,37.4757504683,126.9733068134
천하무적 태권도,체육도장업,태권도,중구,서울특별시 중구 퇴계로88다길 23 (신당동),02-2236-1009,37.56238247984389,127.02027801822526
천하무적태권도,체육도장업,태권도,관악구,,,37.4836695748,126.950744364
청구 스크린골프,골프연습장업,스크린,중구,서울특별시 중구 다산로 178 (신당동),02-2256-6677,37.5592876145,127.0135860272
청구교육문화관,종합체육시설업,종합체육시설,중구,서울특별시 중구 다산로 170(신당동),02-2231-9363,37.5591166793514,127.013724413955
청룡산체육관,체육관,구기체육관,관악구,서울특별시 관악구 관악로5길 91-41 (봉천동),02-2081-2695,37.4741323710565,126.949415834538
청룡스크린골프,골프연습장업,스크린,관악구,"서울특별시 관악구 쑥고개로 100 (봉천동, 생모리츠타운)",,37.4789469576,126.9476496779
청운 검도관,체육도장업,검도,관악구,"서울특별시 관악구 봉천로 385, 지하1층 (봉천동)",02-877-3774,37.4833812697,126.942784808
체리복싱PT,체육도장업,권투,관악구,서울특별시 관악구 관악로12길 17 (봉천동),02-000-0000,37.4781789935059,126.953377440912
초이스,당구장업,당구장,관악구,서울특별시 관악구 남부순환로 1741  (봉천동),,37.4824842828,126.943653818
초이스당구장,당구장업,당구장,관악구,"서울특별시 관악구 관악로 164 (봉천동, 대우디오슈페리움1단지)",02-876-1237,37.47964833029603,126.95284989952756
충무로 주짓수 PT 헬스 러쉬클랜,체력단련장업,체력단련장,중구,서울특별시 중구 서애로1길 10(필동3가),,37.5609375709745,126.998465256651
충무스크린골프,골프연습장업,스크린,중구,서울특별시 중구 퇴계로73가길 (신당동),,37.5665028161,127.013397178
충무아트홀스포츠센터,체육관,생활체육관,중구,서울특별시 중구 퇴계로 387(흥인동),02-2280-8404,37.5659409687669,127.014790889728
충무아트홀스포츠센터골프연습장,골프연습장,골프연습장,중구,서울특별시 중구 퇴계로 387(흥인동),02-2280-8404,37.5659409687669,127.014790889728
충무아트홀스포츠센터수영장,수영장,수영장,중구,서울특별시 중구 퇴계로 387(흥인동),02-2280-8404,37.5659409687669,127.014790889728
칠칠,당구장업,당구장,중구,"서울 중구 남대문로5가 12-5,6,7 3층",02-753-6280,37.5579880587,126.973824377
캐롬,당구장업,당구장,중구,서울특별시 중구 다산로32길 15 (신당동),,37.561136229566806,127.01546065615491
캐슬당구클럽,당구장업,당구장,중구,서울시 중구 흥인동 154번지 지하1층,,37.5665494624,127.015099566
캠퍼스,당구장업,당구장,중구,서울 중구 장충동2가 189-27,02-274-0937,37.5593135185,127.004993467
커브스 봉천클럽,체력단련장업,체력단련장,관악구,서울특별시 관악구 양녕로 58 (봉천동),02-877-3090,37.4873116488,126.9470377837
코끼리,당구장업,당구장,중구,서울 중구 을지로3가 5-16,,37.5666833711,126.990229408
코리아 당구장,당구장업,당구장,중구,서울특별시 중구 청계천로 188(주교동),,37.5687105561747,126.998527353561
코리아 태권도,체육도장업,태권도,관악구,서울특별시 관악구 은천로33길 24 (봉천동),,37.4883087458,126.952654496
코리아스크린골프,골프연습장업,스크린,중구,서울특별시 중구 청계천로 188 (주교동),02-2274-4321,37.5686191049,126.9985103764
코코당구장,당구장업,당구장,중구,서울특별시 중구 난계로21길 63(황학동),,37.5638077703601,126.997555182293
코코스크린골프,골프연습장업,스크린,중구,서울특별시 중구 남대문시장4길 32,,37.5587563763,126.977033847
큐당구장,당구장업,당구장,중구,서울특별시 중구 만리재로 217(만리동1가),02-313-0091,37.556885842675,126.968212274887
큐이디 골프아카데미 서울대입구역점,골프연습장업,실내,관악구,"서울특별시 관악구 남부순환로224길 25 (봉천동, 비엑스 201 서울대청년안심주택)",,37.4797506113066,126.953345373244
큐이디골프아카데미 충정로 직영 4호점,가상체험 체육시설업,골프,중구,서울특별시 중구 서소문로 38(중림동),02-392-5009,37.5604044928778,126.966215628015
크로스핏 타우너,체력단련장업,체력단련장,관악구,"서울특별시 관악구 남현1길 68-18 (남현동, 네스코 로와)",,37.4750121649246,126.981176622724
크로스핏 하쿠나마타타 신림,체력단련장업,체력단련장,관악구,"서울특별시 관악구 신림로64길 25, 프라임빌 지하1층 (신림동)",,37.4852349527,126.9311991931
클래스댄스스쿨,무도학원업,무도학원,관악구,서울특별시 관악구 신림로70길 20 (신림동),,37.4876739764,126.9299638038
클럽J.L,골프연습장업,실내,중구,"서울특별시 중구 중림로 10, 3동 지층901호(중림동, 싸이버빌리지(아) 상가)",02-313-7663,37.5579685418,126.967771669
킹,당구장업,당구장,중구,서울 중구 무교동 19,02-777-5722,37.5673235138,126.979553119
킹,당구장업,당구장,중구,서울 중구 충무로1가 25-8,02-752-2907,37.5610602284,126.98228025
킹,당구장업,당구장,중구,서울 중구 신당동 52-228,,37.562580952,127.018747822
킹당구장,당구장업,당구장,관악구,서울특별시 관악구 은천로2길 24 (봉천동),02-886-4871,37.4856133792,126.9380432991
킹당구장,당구장업,당구장,중구,서울 중구 을지로6가18-37   4층,,37.5677070513,127.007764965
타라 휘트니스클럽,체력단련장업,체력단련장,중구,중구 다산로 32,,37.5574567218,127.014151577
타이거 권투체육관,체육도장업,권투,관악구,서울특별시 관악구 양녕로 13 (봉천동),02-883-7080,37.483281996,126.9462763129
탑 당구장,당구장업,당구장,관악구,서울특별시 관악구 관악로15길 6 (봉천동),,37.4804012571,126.952062528
탑 빌리어드 클럽,당구장업,당구장,관악구,서울특별시 관악구 신림로11길 29 (신림동),02-6012-5906,37.4691590838894,126.938965183258
탑 영어 태권도,체육도장업,태권도,중구,"서울특별시 중구 다산로 32 (신당동, 남산타운)",02-2233-0555,37.5471680349,127.0056761478
태권도왕호체육관,체육도장업,태권도,중구,서울특별시 중구 난계로21길 63(황학동),02-2237-8852,37.5638077703601,126.997555182293
태선생 운동건강연구원(저스트바디짐),체력단련장업,체력단련장,관악구,서울특별시 관악구 난곡로63길 30 (신림동),,37.4810007832869,126.912817442413
터틀짐(Turtle Gym),체력단련장업,체력단련장,관악구,서울특별시 관악구 조원로 56 (신림동),02-855-9685,37.4834854516636,126.908704653964
텐즈힐 당구클럽,당구장업,당구장,중구,서울특별시 중구 난계로 185(황학동),,37.5682047954826,127.023270938828
텐퍼센트 짐,체력단련장업,체력단련장,관악구,서울특별시 관악구 은천로 113 (봉천동),,37.48697328582967,126.94797424193682
텐퍼센트(TEN PERCENT),요트장업,요트장,관악구,서울특별시 관악구 양녕로 59 (봉천동),,37.48726818654881,126.9465629186672
투데이당구장,당구장업,당구장,중구,서울 중구 소공동 112-5,02-775-1107,37.5637302414,126.978983644
트리니티 유도,체육도장업,유도,관악구,서울특별시 관악구 관악로 139(봉천동),02-875-6222,37.4776419425511,126.951905560484
트윈PT,체력단련장업,체력단련장,관악구,서울특별시 관악구 남부순환로 1936 (봉천동),070-4076-0926,37.47663206012056,126.96396730237193
특실,당구장업,당구장,중구,서울 중구 신당동 120-16,,37.5650858339,127.018028575
티엠골프스크린,골프연습장업,스크린,관악구,서울특별시 관악구 남부순환로 1568 (신림동),02-864-0707,37.48337486093302,126.92490252577495
티파니,당구장업,당구장,중구,서울 중구 을지로4가 315-1 지하1층,,37.5661574873,126.994987966
팀유짐 구디점,체육도장업,권투,관악구,"서울특별시 관악구 조원로 6, 6층 (신림동)",02-859-2007,37.4834055496,126.902741839
팀코리아 태권도장,체육도장업,태권도,관악구,"서울특별시 관악구 조원로 56, 3층 (신림동)",,37.4834854516,126.9087046539
파시온 FC,체육교습업,축구,중구,서울특별시 중구 다산로22길 14(신당동),,37.5574085513517,127.013084880786
파운드 짐,체력단련장업,체력단련장,관악구,서울특별시 관악구 난곡로 367 (신림동),02-869-9679,37.4867006853,126.9133525352
파워존 낙성대점,체력단련장업,체력단련장,관악구,"서울특별시 관악구 남부순환로 1899, 4층 (봉천동)",02-883-0731,37.4785051037,126.960656088
파크짐,체력단련장업,체력단련장,중구,"중구 다산로 104, 지하1층(신당동, 현대빌딩)",,37.5531756162,127.009872944
파크짐,체력단련장업,체력단련장,중구,서울특별시 중구 다산로 185(신당동),,37.5601736712129,127.013443806995
팜 휘트니스,골프연습장업,스크린,중구,서울특별시 중구 난계로21길 63(황학동),2264-2346,37.5638077703601,126.997555182293
팜 휘트니스,체력단련장업,체력단련장,중구,서울특별시 중구 난계로21길 63(황학동),2264-2346,37.5638077703601,126.997555182293
패한자는 카운터로,당구장업,당구장,중구,서울 중구 필동3가 21-7 지하2층,,37.5601893627,126.997319885
패한자는 카운터로 2,당구장업,당구장,중구,서울특별시 중구 퇴계로44길 11(필동3가),,37.5613314698607,126.997480676102
퍼펙트 당구클럽,당구장업,당구장,중구,서울 중구 서애로 12-5,,37.5594036821,126.996862669
포인트골프방 명동점,골프연습장업,실내,중구,서울특별시 중구 명동2길 26(명동2가),02-752-8570,37.5622820035,126.982438418
포인트당구장,당구장업,당구장,관악구,서울특별시 관악구 호암로22길 58 (신림동),02-888-0906,37.4685219348,126.935986475
포인티PT,체력단련장업,체력단련장,관악구,서울특별시 관악구 남부순환로 1808 (봉천동),,37.4810880767354,126.950917798181
포커스,당구장업,당구장,중구,서울 중구 저동1가 48,02-771-8492,37.5651225406,126.987055821
포텐샤,당구장업,당구장,관악구,서울특별시 관악구 호암로24길 11(신림동),,37.4700189935324,126.933912302835
폴인핏 신림점,체력단련장업,체력단련장,관악구,서울특별시 관악구 신림로67길 9 (신림동),02-882-1238,37.4860376883057,126.928812032161
폴인핏(FALL IN FIT),체력단련장업,체력단련장,관악구,"서울특별시 관악구 은천로 23, 4층 (봉천동)",,37.4864072865,126.9379270868
풀코스당구장,당구장업,당구장,중구,서울 중구 인현동1가 102-5 4층,,37.5642400884,126.993380844
프라이빗 짐 라카브 신림점,체력단련장업,체력단련장,관악구,서울특별시 관악구 남부순환로185길 33 (신림동),,37.4861285276691,126.932055660447
프라자휘트니스클럽,종합체육시설업,종합체육시설,중구,서울특별시 중구 소공로 109,02-310-7421,37.5641950773,126.978548877
프레야골프연습장,골프연습장업,실내,중구,서울특별시 중구 장충단로13길 20(을지로6가),,37.5687341929,127.007665461
프로,당구장업,당구장,중구,서울 중구 충무로3가 33-4,,37.562852558,126.993453405
프로2000당구장,당구장업,당구장,중구,서울 중구 신당동 133-34,,37.5634710974,127.018992526
프로24시당구클럽,당구장업,당구장,중구,서울특별시 중구 다산로 156 (신당동),,37.55758665427536,127.01247658773856
프로당구장,당구장업,당구장,중구,서울특별시 중구 퇴계로 443(황학동),02-000-0000,37.5658378683852,127.020922661107
프로당구장,당구장업,당구장,관악구,서울특별시 관악구 남부순환로 1869 (봉천동),02-887-1364,37.4796861458,126.957530518
프로틴짐PT 서울대입구점,체력단련장업,체력단련장,관악구,"서울특별시 관악구 관악로 186, WD세븐스 지하1층 B02호 (봉천동)",,37.4815622827,126.9533773739
프로헬스크럽,체력단련장업,체력단련장,중구,중구 퇴계로88길 17-14(신당동),,37.564393236,127.021781685
프리원핏 봉천점,체력단련장업,체력단련장,관악구,서울특별시 관악구 봉천로29길 52 (봉천동),,37.485485401341,126.942243079231
프리원핏 사당점,체력단련장업,체력단련장,관악구,서울특별시 관악구 남현2길 8 (남현동),,37.4759896382154,126.976928507994
프리원핏 서울대점,체력단련장업,체력단련장,관악구,서울특별시 관악구 쑥고개로21길 9 (봉천동),,37.4795308983069,126.948461936885
프리원핏 신대방점,체력단련장업,체력단련장,관악구,"서울특별시 관악구 신사로20길 53, 지하1층 (신림동)",,37.4868182537,126.9178756403
프린스,당구장업,당구장,중구,서울특별시 중구 다산로29길 39(신당동),02-2231-0585,37.5615505691245,127.011809471441
플라이비 골프존,골프연습장업,스크린,중구,서울특별시 중구 퇴계로78길 17(신당동),,37.5645521587712,127.016912421082
플렉스짐,체력단련장업,체력단련장,관악구,"서울특별시 관악구 쑥고개로 121 (봉천동, 삼일빌딩)",02-877-6723,37.4791498289,126.9500644591
피닉스스포츠클럽,체육교습업,축구,관악구,서울특별시 관악구 난향길 5(신림동),02-858-9637,37.4627338352269,126.918558826457
피엘유,체력단련장업,체력단련장,중구,서울특별시 중구 퇴계로 354 (신당동),02-6348-1842,37.5644740300056,127.01089764559494
피트니스 FM,체력단련장업,체력단련장,관악구,서울특별시 관악구 남부순환로 1817 (봉천동),02-6953-1817,37.4816411686596,126.952144384523
피트니스 월드,체력단련장업,체력단련장,중구,서울특별시 중구 만리재로 193 (만리동1가),02-363-0452,37.55501672247168,126.96722065740076
피트니스101,체력단련장업,체력단련장,중구,서울특별시 중구 삼일대로 343(저동1가),,37.5651004556362,126.986959615068
피트니스비엠 ㈜피트비엠,체력단련장업,체력단련장,중구,서울특별시 중구 세종대로 135(태평로1가),02-732-5557,37.5678135772855,126.976247211074
피티나인,체력단련장업,체력단련장,관악구,서울특별시 관악구 신원로 38 (신림동),070-8965-2885,37.4819176267219,126.929378426304
핏라운지PT 신림점,체력단련장업,체력단련장,관악구,서울특별시 관악구 남부순환로 1630 (신림동),02-882-9949,37.4842455175802,126.931755140676
핏앤힐 (Fit and Hill),체력단련장업,체력단련장,중구,서울특별시 중구 동호로 218 (신당동),02-2233-1770,37.55734188209109,127.00922159873522
핏티,체력단련장업,체력단련장,관악구,서울특별시 관악구 남부순환로 1709 (봉천동),,37.4832725328964,126.940266155866
하이 설핏,체력단련장업,체력단련장,관악구,서울특별시 관악구 난곡로 303 (신림동),,37.4809956415208,126.914411268458
하이 점프 짐,체육교습업,농구,관악구,서울특별시 관악구 관악로40길 47(봉천동),,37.4920550488974,126.95892477375
하이런 당구장,당구장업,당구장,중구,서울특별시 중구 창경궁로 66 (주교동),,37.568215455782585,126.99828399905918
한국 다이어트 복싱클럽,체육도장업,권투,중구,"서울특별시 중구 다산로 150 (신당동, 태양빌딩)",02-2236-1282,37.5569379753,127.012100737
한국위너복싱 봉천점,체육도장업,레슬링,관악구,서울특별시 관악구 남부순환로 1713-7 (봉천동),02-000-0000,37.4833918632335,126.940876722598
한국위너복싱 서울대벤처타운점,체육도장업,권투,관악구,서울특별시 관악구 신림로 169 (신림동),,37.474237411225,126.933711993359
한국체대 당곡태권도장,체육도장업,태권도,관악구,서울특별시 관악구 당곡길 22 (봉천동),,37.4902648255,126.929210567
한국체대왕호태권도 아카데미,체육도장업,태권도,관악구,,,37.4740990251,126.966007951
한국체육관,체육도장업,태권도,중구,서울 중구 다산로32 남산타운@ 제2관리동,02-2233-5954,37.5471680349,127.005676148
한국체육관,체육도장업,권투,중구,서울특별시 중구 다산로 150 (신당동),02-2236-1282,37.55694518327188,127.01210073771573
한국태권도,체육도장업,태권도,관악구,"서울특별시 관악구 조원로 68 (신림동,4층)",,37.483721245,126.909995683
한마음 골프스쿨,골프연습장업,실내,관악구,서울특별시 관악구 남부순환로 1502 (신림동),,37.4820976813,126.91747333
한미태권도,체육도장업,태권도,중구,서울 중구 중림동 200 삼성싸이버빌리지 상가 205동,02-313-0032,37.5581156061,126.965304339
한성,당구장업,당구장,중구,서울 중구 흥인동 14-28(지상2층),,37.5661455016,127.017385914
한성 당구장,당구장업,당구장,관악구,서울특별시 관악구 청룡길 20 (봉천동),02-876-2624,37.4809500665,126.9460156812
한양당구장,당구장업,당구장,중구,서울특별시 중구 마른내로 58-1(인현동1가),02-2285-6783,37.5641518405872,126.994339655047
한양대 우성태권도장,체육도장업,태권도,관악구,"서울특별시 관악구 양녕로 93 (봉천동,블루밍센터 601호)",02-888-5007,37.4899921906,126.945158854
한일무도학원,무도학원업,무도학원,중구,서울특별시 중구 충무로 51(을지로3가),2265-5776,37.5657910103787,126.992497832713
한일무도학원,무도학원업,무도학원,중구,서울 중구 을지로3가 296-1 3층,,37.565793353,126.992497832
행복한 동행 LTA 남산태권도,체육도장업,태권도,중구,서울특별시 중구 동호로7길 37 (신당동),02-2256-9444,37.5521592021,127.010877745
행복한 비룡태권도장,체육도장업,태권도,관악구,"서울특별시 관악구 난곡로 53, 관악산휴먼시아 상가동203,204호 (신림동)",02-858-3390,37.4602224324,126.919328456
허리우드,당구장업,당구장,중구,서울 중구 북창동 82번지 3층,,37.5627065508,126.978110149
허슬러 당구장,당구장업,당구장,중구,서울특별시 중구 수표로10길 20(초동),,37.563546101075,126.991368125901
허슬러 당구장,당구장업,당구장,중구,서울특별시 중구 다산로44길 68 (신당동),,37.56502410809807,127.02081298086908
헤게모니짐PT 서울대입구점,체력단련장업,체력단련장,관악구,서울특별시 관악구 관악로17길 25 (봉천동),,37.4806955912288,126.95025710316
헬로우 스크린골프연습장,가상체험 체육시설업,골프,중구,서울특별시 중구 장충단로 253 헬로APM 1,,37.5674871874,127.008077351
헬스119,체력단련장업,체력단련장,관악구,서울특별시 관악구 광신길 104 (신림동),02-875-2119,37.4637263353,126.926011839
헬스GXPT스피닝,체력단련장업,체력단련장,중구,중구 퇴계로88길 21(신당동),,37.5645735642,127.021070922
헬스보이짐 앤 필라걸 서울시청점,체력단련장업,체력단련장,중구,서울특별시 중구 무교로 21(무교동),,37.5678548680217,126.978742292002
현대스크린골프존,골프연습장업,스크린,관악구,"서울특별시 관악구 관악로 304(봉천동, 현대아파트)",02-873-3125,37.4920505661271,126.957711000956
형제당구클럽,당구장업,당구장,중구,서울 중구 무학동 21번지,,37.5635473029,127.015411353
형제당구클럽,당구장업,당구장,중구,서울 중구 무학동 21번지,,37.5635473029,127.015411353
호림태권도,체육도장업,태권도,관악구,서울특별시 관악구 광신길 154 (신림동),,37.4655073597,126.927018379
호텔롯데헬스센터,종합체육시설업,종합체육시설,중구,서울특별시 중구 을지로 30,02-771-1000,37.5653451695,126.981006998
황금당구장,당구장업,당구장,관악구,서울특별시 관악구 남부순환로 1403 (신림동),,37.4806442777,126.906485456
황금스파,골프연습장업,실내,중구,서울특별시 중구 청계천로 400 롯데베네치아 메가홀 지하2층 2002,,37.5708119884,127.021462076
황금스파,체력단련장업,체력단련장,중구,"중구 청계천로 400, 지하2층 2002호(황학동, 롯데베네치아메가홀)",,37.5708119884,127.021462076
황제당구장,당구장업,당구장,중구,서울특별시 중구 난계로21길 63(황학동),02-2261-0308,37.5638077703601,126.997555182293
황제당구장,당구장업,당구장,중구,서울 중구 저동2가 47-9 지하1층,,37.5637137026,126.990410894
회원제 당구장,당구장업,당구장,중구,서울특별시 중구 청파로 449-1 (중림동),,37.55945348072233,126.96812414914145
휘트니스 에일린,체력단련장업,체력단련장,관악구,서울특별시 관악구 남부순환로 1940 (봉천동),070-4319-0926,37.4764749310155,126.964287094969
휘트니스 에일린 2호점,체력단련장업,체력단련장,관악구,서울특별시 관악구 남부순환로 1733(봉천동),,37.4825535910402,126.942759661044
휘트니스 에프엠,체력단련장업,체력단련장,관악구,서울특별시 관악구 남부순환로 1926(봉천동),02-882-9679,37.4768185857401,126.963144853114
휘트니스센터,체력단련장업,체력단련장,중구,"서울 중구 세종대로 58, 16층(남대문로4가)",,37.568912235,126.976165929
휘트니스에프엠,체력단련장업,체력단련장,관악구,"서울특별시 관악구 관악로 168(봉천동, 대우디오슈페리움2단지)",02-889-7991,37.4802159296703,126.952984762396
휘트니스피플 신림점,체력단련장업,체력단련장,관악구,서울특별시 관악구 신림로 353 (신림동),,37.48576698362753,126.92919219797491
휘트니스피플 신림점,체력단련장업,체력단련장,관악구,"서울특별시 관악구 신림로 353, 5,7층 (신림동)",,37.5960166838,127.061743635
휘트니스피플 우먼 서울대점,체력단련장업,체력단련장,관악구,서울특별시 관악구 관악로 199 (봉천동),02-883-3912,37.48305803900264,126.95358493469914
휴레스트 웰빙클럽,골프연습장업,스크린,중구,서울특별시 중구 명동8길 27(명동2가),778-7700,37.5625312330845,126.985166774442
휴레스트웰빙클럽,체력단련장업,체력단련장,중구,서울특별시 중구 명동8길 27(명동2가),778-8307,37.5625312330845,126.985166774442
휴코어 낙성대점,체력단련장업,체력단련장,관악구,서울특별시 관악구 남부순환로 1944 (봉천동),02-000-0000,37.4763144345225,126.964798740309
희망 스크린골프,골프연습장업,스크린,관악구,서울특별시 관악구 남부순환로 1730 (봉천동),02-886-0753,37.48203672338228,126.94228835847385
힐튼,당구장업,당구장,중구,서울 중구 남창동 231-1,02-757-9600,37.5569435033,126.976694876
힙짐(HIP GYM),체력단련장업,체력단련장,관악구,서울특별시 관악구 대학5길 6 (신림동),,37.469163990217,126.938005216969
秀 당구장,당구장업,당구장,중구,서울 중구 필동2가 15-7,,37.5611407324,126.99482532
