정류소번호,정류소명,경도,위도,정류소타입,자치구
101000001,명동성당.남대문세무서,126.9875299251,37.5649848069,중앙차로,중구
101000002,국가인권위.안중근활동터,126.9878515151,37.5643504711,중앙차로,중구
101000003,서울역버스환승센터,126.9722570849,37.5551460158,중앙차로,중구
101000004,서울역버스환승센터,126.9725924801,37.5554029828,중앙차로,중구
101000005,서울역버스환승센터,126.9727238221,37.555388989,중앙차로,중구
101000006,서울역버스환승센터,126.9728547738,37.5554794133,중앙차로,중구
101000007,서울역버스환승센터.강우규의거터,126.9729402621,37.5554141603,중앙차로,중구
101000008,숭례문,126.9737783904,37.5586388574,중앙차로,중구
101000303,서울시청,126.9806320857,37.5661382638,일반차로,중구
101000009,만리동고개,126.9626582054,37.551787064,일반차로,중구
101000010,손기정체육공원입구,126.9662339013,37.5544459527,일반차로,중구
101000011,서울의료보건고등학교.서울역서부,126.9689026242,37.5558478973,일반차로,중구
101000012,서울역서부,126.9691514463,37.556237644,일반차로,중구
101000013,서울역서부,126.969293,37.555855,일반차로,중구
101000014,중림동교차로,126.9691354395,37.5583836266,일반차로,중구
101000015,중림동.충정로역2호선,126.964879,37.559839,일반차로,중구
101000016,한국경제신문사.서소문역사공원,126.9678680149,37.5602111497,일반차로,중구
101000017,한국경제신문사.서소문역사공원,126.9681135141,37.5606234736,일반차로,중구
101000018,경찰청.동북아역사재단,126.9691267228,37.5630494858,일반차로,중구
101000300,장충동써미트호텔,127.0066750078,37.5622736605,일반차로,중구
101000020,농협은행.유관순활동터,126.9677868059,37.5649062803,일반차로,중구
101000021,염천교,126.97311408,37.5598696316,일반차로,중구
101000022,숭례문,126.97335794,37.5584010617,일반차로,중구
101000023,숭례문.한국일보,126.9737375955,37.5587713091,일반차로,중구
101000025,후암삼거리,126.9759937564,37.5534055956,일반차로,중구
101000026,숭례문,126.974362745,37.5587633765,일반차로,중구
101000027,숭례문,126.9740436876,37.5584195299,일반차로,중구
101000028,숭례문.서울역4번출구,126.9736279452,37.5580006528,일반차로,중구
101000029,숭례문.남대문시장8번출입구,126.9759976615,37.5588723988,일반차로,중구
101000030,숭례문남산방향,126.9756720863,37.5585581643,일반차로,중구
101000031,남대문시장.신세계앞,126.9800597585,37.561191081,일반차로,중구
101000032,북창동.남대문시장,126.978555,37.561273,가로변시간,중구
101000033,소공동주민센터,126.97644367,37.562197167,일반차로,중구
101000034,삼성본관앞,126.9759075283,37.5620517519,일반차로,중구
101000035,시청역8번출구,126.976148714,37.562764205,일반차로,중구
101000036,시청역9번출구.시청서소문2청사,126.9746522037,37.5631901447,일반차로,중구
101000037,시청역11번출구,126.975314,37.563722,일반차로,중구
101000038,시청.서소문청사,126.9749539314,37.5635248407,일반차로,중구
101000333,광교,126.9828444051,37.5681069154,가로변시간,중구
101000039,서울신문사,126.9773647051,37.5683632936,일반차로,중구
101000337,명동성당,126.9874193795,37.564974163,일반차로,중구
101000040,우리은행종로지점,126.9828658628,37.5678390393,가로변시간,중구
101000041,롯데백화점,126.9822069938,37.5645069796,가로변전일,중구
101000042,소공동.롯데영플라자,126.9815478394,37.5628907847,가로변시간,중구
101000043,명동.롯데영플라자,126.982008,37.562885,가로변전일,중구
101000334,명동입구B,126.9823981134,37.5644247651,가로변전일,중구
101000045,신세계백화점,126.9814315438,37.561127344,일반차로,중구
101000046,남대문시장.회현역,126.9777650546,37.5582675237,일반차로,중구
101000047,남대문시장.회현역,126.9784645011,37.5584920257,일반차로,중구
101000048,남산3호터널,126.9827404025,37.5583104538,일반차로,중구
101000049,남산3호터널.정화예술대학교,126.9826359346,37.5595260891,일반차로,중구
101000050,명동역4번출구,126.9849157703,37.560657849,일반차로,중구
101000051,퇴계로2가.명동역5번출구,126.9843582953,37.5609325805,일반차로,중구
101000052,충무로역.한옥마을.한국의집,126.9917771969,37.5612508237,일반차로,중구
101000053,충무로역.한옥마을.한국의집,126.9924098253,37.5609019668,일반차로,중구
101000054,충무로역2번출구,126.9947285429,37.5612375854,일반차로,중구
101000055,충무로역8번출구,126.9964921507,37.5620371603,일반차로,중구
101000056,초동,126.9931119513,37.5633461766,일반차로,중구
101000057,을지로입구.로얄호텔,126.9853902774,37.5658757422,일반차로,중구
101000058,을지로입구.시청입구,126.9811712097,37.5661382638,일반차로,중구
101000059,을지로2가.기업은행본점.서울노동청,126.9865233528,37.566246226,일반차로,중구
101000060,을지로2가.파인에비뉴,126.988670826,37.5660727123,일반차로,중구
101000061,을지로3가,126.9902600103,37.5663729806,일반차로,중구
101000062,을지로3가,126.9914237666,37.5661389597,일반차로,중구
101000063,을지로4가,126.9959336364,37.5666841559,일반차로,중구
101000064,을지로4가.베스트웨스턴국도,126.9968473297,37.5664010399,일반차로,중구
101000065,중구청앞.덕수중학교,126.9981484996,37.564717315,일반차로,중구
101000066,방산시장.을지로4가역6번출구,126.999258524,37.5668182855,일반차로,중구
101000067,을지로5가.중부시장,127.0011150411,37.5666200422,일반차로,중구
101000068,방산시장.훈련원종합체육관,127.0024044565,37.5679608485,일반차로,중구
101000069,을지로5가,127.0025945654,37.5658243542,일반차로,중구
101000070,을지로6가.국립중앙의료원,127.0062316194,37.5661698346,일반차로,중구
101000071,동대문역사문화공원역8번출구,127.0072096931,37.5650528273,일반차로,중구
101000072,동대문역사문화공원역9번출구,127.0077222561,37.5651725525,일반차로,중구
101000073,을지로6가.국립중앙의료원,127.0058434821,37.5664631128,일반차로,중구
101000074,동대문역사문화공원,127.0083555318,37.5673541422,일반차로,중구
101000075,동대문역사문화공원,127.0091685169,37.5674835037,일반차로,중구
101000077,중구보건소.충무아트센터,127.0135231437,37.5651675256,가로변전일,중구
101000078,중구보건소.충무아트센터,127.0147408667,37.5650178857,일반차로,중구
101000079,성동공업고등학교(무궁화회관),127.0157558376,37.5683481924,일반차로,중구
101000080,성동공업고등학교앞,127.0161294881,37.5686950625,일반차로,중구
101000081,신당역1번출구.서울중앙시장,127.0187426545,37.5657282804,일반차로,중구
101000082,신당역4번출구.서울중앙시장,127.0194795301,37.5654920748,일반차로,중구
101000083,성동고등학교건너,127.0221821569,37.5655941894,일반차로,중구
101000084,신당5동주민센터.성동고등학교,127.0223979004,37.5652410933,일반차로,중구
101000085,신당누리센터.신당동떡볶이타운,127.0150959791,37.5627954621,일반차로,중구
101000086,신당동떡볶이타운.중구여성플라자,127.0151908517,37.5623100443,일반차로,중구
101000087,청구초등학교.청구역,127.0132161263,37.5589483023,일반차로,중구
101000088,장충초등학교.청구역,127.0130316796,37.559257398,일반차로,중구
101000089,약수역2번출구.가온도서관,127.0110429415,37.5557929112,일반차로,중구
101000090,약수역3번출구.약수하이츠,127.0113796895,37.5557496102,일반차로,중구
101000091,약수역4번출구.금호터널입구,127.012012,37.553399,일반차로,중구
101000092,약수역5번출구.금호터널입구,127.0118693353,37.55292373,일반차로,중구
101000093,약수역8번출구.신당사회복지관,127.0099566945,37.5538646495,일반차로,중구
101000094,약수역7번출구.약수동주민센터,127.0092978444,37.5528509718,일반차로,중구
101000095,송도병원,127.0077186988,37.5502676468,일반차로,중구
101000096,송도병원건너,127.0073984027,37.550227118,일반차로,중구
101000294,약수역1번출구,127.009755648,37.556252533,일반차로,중구
101000097,장충체육관앞,127.0080610837,37.5583362176,일반차로,중구
101000098,장충체육관앞,127.0078281581,37.5580017329,일반차로,중구
101000099,장충동.동국대입구,127.00590981,37.560621324,일반차로,중구
101000100,장충동.동국대입구,127.0056290943,37.5606663921,일반차로,중구
101000101,퇴계로6가,127.0039011095,37.5634011312,일반차로,중구
101000102,퇴계로6가.광희동주민센터,127.00337576,37.5635284386,일반차로,중구
101000103,퇴계로5가.충무초등학교,126.9999660413,37.5623804057,일반차로,중구
101000104,퇴계로5가.중구청,126.9997252277,37.5627804223,일반차로,중구
101000105,국립극장.반얀트리호텔,127.001094708,37.551481823,일반차로,중구
101000106,국립극장.반얀트리호텔,127.0007525635,37.5515339575,일반차로,중구
101000107,청구역2번출구.흥인초등학교,127.014656108,37.5599600605,일반차로,중구
101000108,청구역3번출구,127.014219181,37.5599303778,일반차로,중구
101000109,동화동.청구이편한세상,127.018125822,37.5600244709,일반차로,중구
101000110,청구동.신당동삼성아파트,127.0182736903,37.5598126778,일반차로,중구
101000111,백범광장,126.980093,37.555737,일반차로,중구
101000113,남대문경찰서.서울역10번출구,126.9738404394,37.554128189,일반차로,중구
101000114,남대문시장앞.이회영활동터,126.978580386,37.5609394169,가로변시간,중구
101000115,남산케이블카.남산산책로입구,126.9839798009,37.5552651842,일반차로,중구
101000117,동대입구역.장충동,127.005445,37.558362,일반차로,중구
101000295,약수역10번출구,127.009322,37.556256,일반차로,중구
101000119,청계1가.광교,126.9833922386,37.5685707852,일반차로,중구
101000120,청계2가.삼일교,126.9885301722,37.5678404706,일반차로,중구
101000121,청계4가.배오개다리,126.9971755363,37.5684843738,일반차로,중구
101000122,청계5가.방산시장,127.0008265972,37.5692149555,일반차로,중구
101000123,청계6가.평화시장,127.0043806283,37.5694411915,일반차로,중구
101000124,청계7가.동평화.청평화시장,127.0138508174,37.5695135434,일반차로,중구
101000125,청계8가.영도교,127.0189971981,37.5707259153,일반차로,중구
101000128,신한은행본점,126.975585201,37.5611965482,일반차로,중구
101000335,퇴계로2가.명동역7번출구,126.985336,37.560988,일반차로,중구
101000130,광희동.동대문역사문화공원역,127.0091092289,37.5654113309,일반차로,중구
101000131,다산동.버티고개역1번출구,127.0060242348,37.5478041512,일반차로,중구
101000132,버티고개역.남산타운아파트,127.0061899379,37.547650494,일반차로,중구
101000135,청계3가.관수교,126.9929650755,37.5682134567,일반차로,중구
101000136,청계6가.오간수교,127.0090361408,37.5694851752,일반차로,중구
101000137,충무로역7번출구,126.9933889105,37.561690572,일반차로,중구
101000141,을지로입구역.광교,126.9825656304,37.5676492567,가로변시간,중구
101000338,청계광장,126.978207,37.569011,일반차로,중구
101000147,신당파인힐하나유보라,127.0248560363,37.5649809794,일반차로,중구
101000148,명동입구,126.982474445,37.5647227393,가로변전일,중구
101000149,남산북측순환로입구,126.9988218165,37.5506986166,일반차로,중구
101000150,금호중학교.신당동삼성아파트,127.0187298806,37.5585545048,일반차로,중구
101000151,금호중학교.신당푸르지오아파트,127.019288178,37.5578078339,일반차로,중구
101000152,황학동주민센터,127.0234023516,37.5668556166,일반차로,중구
101000153,신당초등학교앞,127.0239172657,37.5644813411,일반차로,중구
101000154,신당래미안하이베르.금호베스트빌,127.0240513307,37.5616452068,일반차로,중구
101000155,금호베스트빌.신당래미안하이베르,127.0243472269,37.5622544456,일반차로,중구
101000156,신당초등학교,127.024240415,37.5645028357,일반차로,중구
101000163,방산종합시장,127.0019301271,37.5678058693,일반차로,중구
101000164,황학동롯데캐슬,127.0220339686,37.5716601701,일반차로,중구
101000165,광희문.광희동사거리,127.0086110484,37.5645499236,일반차로,중구
101000166,광희문.광희동사거리,127.009677887,37.5644016142,일반차로,중구
101000168,황학동롯데캐슬,127.0232958633,37.5708197498,일반차로,중구
101000254,한국은행앞,126.9792899798,37.561408112,가로변시간,중구
101000258,서울기동대.광희초등학교,127.0144829458,37.5679222068,일반차로,중구
101000261,동대문역사문화공원동문,127.0119962039,37.567700749,일반차로,중구
101000262,서대문역사거리.농협중앙회,126.9679802656,37.5668848609,일반차로,중구
101000263,서울역9번출구.서울스퀘어빌딩앞,126.97323173,37.555341632,일반차로,중구
101000264,북창동.남대문시장,126.9769187336,37.5608462911,일반차로,중구
101000266,남산공원.구힐튼호텔,126.976567168,37.5563677408,일반차로,중구
101000265,남산공원.구힐튼호텔,126.9767113404,37.5566267411,일반차로,중구
101000290,시청앞.덕수궁,126.9768355729,37.5662122834,일반차로,중구
101000292,남대문세무서.국가인권위원회,126.987866112,37.5650839621,일반차로,중구
101000293,장충문화체육센터.권기옥활동터,127.0025921056,37.5601745008,일반차로,중구
101000328,남산1호터널,126.9921666231,37.5574051765,일반차로,중구
101000331,남산예장버스환승주차장,126.989289,37.55974,일반차로,중구
101900010,약수역.3.6호선,127.011705637,37.5533046573,마을버스,중구
101900009,조선일보,126.976883066,37.5687339805,마을버스,중구
101900011,시청역,126.97701,37.566031,마을버스,중구
101900012,서울역,126.9714245129,37.5581897679,마을버스,중구
101900007,숭례문앞,126.976236105,37.5615164368,마을버스,중구
101900006,시청역1호선.서울시청,126.977339075,37.5673960903,마을버스,중구
101900005,신당역하나은행,127.0215878668,37.5654231103,마을버스,중구
101900004,염천교,126.9711136524,37.5597925744,마을버스,중구
101900003,한국경제신문사,126.9679526472,37.5609334062,마을버스,중구
101900023,서울방송고등학교.남산타운아파트,127.012409789,37.5495860191,마을버스,중구
101900022,서울방송고등학교.남산타운아파트,127.0122783521,37.5496119425,마을버스,중구
101900021,중구청소년센터.남산타운2상가,127.012751162,37.5516549062,마을버스,중구
101900020,중구청소년센터.남산타운2상가,127.0121655599,37.5519027425,마을버스,중구
101900019,약수시장.남산타운동문,127.0108500123,37.5517332168,마을버스,중구
101900018,약수지구대,127.0119577646,37.5528410964,마을버스,중구
101000173,남대문시장,126.979397311,37.5614284556,가로변시간,중구
101000277,을지로입구역롯데호텔,126.9803053067,37.5658047183,일반차로,중구
101000298,소공동웨스틴조선호텔,126.9796461336,37.5645178283,일반차로,중구
101000301,서울광장,126.978885,37.565352,일반차로,중구
101000275,광화문코리아나호텔,126.97690745,37.5684013914,일반차로,중구
101000276,서소문KAL빌딩,126.9743182567,37.5633387369,일반차로,중구
101000273,동국대입구.앰배서더호텔,127.0026102024,37.5597717116,일반차로,중구
101000226,광화문,126.9769067873,37.5687990002,일반차로,중구
101000227,시청.덕수궁,126.976921,37.566254,일반차로,중구
101000229,바비엥스위트,126.9676372948,37.5651089852,일반차로,중구
101000230,서울역,126.9728595843,37.5578195556,일반차로,중구
101000234,명동역.세종호텔,126.9864492986,37.5610860085,일반차로,중구
101000244,충무로역.호텔피제이,126.9955605031,37.5617180187,일반차로,중구
101000245,남대문시장,126.9787309255,37.560967378,가로변시간,중구
101000246,이비스엠버서더호텔,126.9823877131,37.5643534324,가로변전일,중구
101000247,프레이저플레이스,126.9692683016,37.5628476779,일반차로,중구
101000257,아카시아호텔.웨스턴코업레지던스,127.0034786985,37.5665506121,일반차로,중구
101000256,을지로코업레지던스,127.0053974501,37.5662333554,일반차로,중구
101000255,토요코인호텔.이비스버젯호텔,127.0089472544,37.5645913489,일반차로,중구
101000271,약수역,127.0098978294,37.5537889625,일반차로,중구
101000270,남산밀레니엄힐튼호텔,126.9759752961,37.5554665731,일반차로,중구
101000269,서울역,126.9720456834,37.5580158041,일반차로,중구
101000268,숭례문라마다&스위트호텔,126.9720684843,37.5606109591,일반차로,중구
101000279,시청역더플라자호텔,126.978066,37.564836,일반차로,중구
101000286,시청.서울신문사,126.9773647244,37.568299316,일반차로,중구
101000288,프레이저플레이스남대문,126.9762665716,37.5613760047,일반차로,중구
101000287,프레이저플레이스남대문,126.9755365701,37.5610667807,일반차로,중구
101000289,동대문역사문화공원,127.009245066,37.5653851887,일반차로,중구
101000297,광희동더스프라지르서울동대문,127.0075552593,37.5647333277,일반차로,중구
101000296,동대문디자인플라자DDP,127.009213839,37.5678529085,일반차로,중구
101000299,베이튼호텔,127.0026364414,37.5649993215,일반차로,중구
101000316,광화문,126.9768853297,37.5689435666,일반차로,중구
101000317,덕수궁,126.976925,37.566106,일반차로,중구
101000318,남대문시장,126.9753967375,37.5609231539,일반차로,중구
101000319,명동,126.9856194882,37.5607583289,일반차로,중구
101000320,남산골한옥마을,126.9924383581,37.5609950561,일반차로,중구
101000321,앰버서더호텔,127.0026253879,37.5604635042,일반차로,중구
101000322,신라호텔,127.0054272005,37.5583034007,일반차로,중구
101000324,동대문디자인플라자.동대문시장,127.0085549376,37.5668754028,일반차로,중구
101000308,동대문디자인프라자,127.0091304267,37.5677625606,일반차로,중구
101000309,방산.중부시장,126.9994422877,37.5668568761,일반차로,중구
101000310,을지로3가,126.9923255915,37.5665349097,일반차로,중구
101000311,을지로입구,126.981001305,37.5661309607,일반차로,중구
101000312,명동입구,126.9823015539,37.5641526235,가로변전일,중구
101000314,신당동중앙시장,127.0194166277,37.5657553187,일반차로,중구
101000315,남산오르미,126.9831348601,37.5581940477,일반차로,중구
102000226,남산서울타워,126.9911947846,37.5510144684,일반차로,중구
101000323,남산서울타워,126.9909861872,37.5511419911,일반차로,중구
112000399,경찰청.동북아역사재단,126.9692243077,37.5624764161,중앙차로,중구
101000332,경찰청.동북아역사재단,126.968047,37.564312,중앙차로,중구
120000201,봉림교,126.9245166934,37.4847770708,일반차로,관악구
120000435,신대방역,126.9130382377,37.4866047302,일반차로,관악구
120000427,신대방역,126.9129713295,37.486768682,일반차로,관악구
119900281,봉천고개.관악현대아파트,126.956601184,37.4913451421,마을버스,관악구
120000001,구로디지털단지역,126.9024471276,37.4839345974,중앙차로,관악구
120000674,구로디지털단지역,126.9024669147,37.4839770128,중앙차로,관악구
120000672,사당자동차학원,126.983217,37.471427,중앙차로,관악구
121001314,사당역,126.9817223705,37.4748233089,중앙차로,관악구
120000002,서울미술고.인헌중고,126.9655544411,37.4764663412,일반차로,관악구
120000003,낙성대입구,126.9618756708,37.4779096847,일반차로,관악구
120000004,행운동주민센터,126.9568690307,37.4798444396,일반차로,관악구
120000005,서울대입구역5번출구,126.951014176,37.4816281486,가로변시간,관악구
120000006,KT관악지점,126.9471913134,37.4820390166,가로변전일,관악구
120000007,봉천역.관악초등학교,126.9431518504,37.4824403435,가로변전일,관악구
120000008,KT&G관악지점,126.9373129096,37.4844754738,가로변시간,관악구
120000009,신림사거리.신림역,126.9278542438,37.4841492836,일반차로,관악구
120000010,남부초등학교,126.922044754,37.4834020208,가로변시간,관악구
120000011,호림박물관,126.9183765847,37.4827231582,가로변시간,관악구
120000012,난곡입구,126.915722964,37.4822370031,가로변시간,관악구
120000013,관악구보훈회관.신림푸르지오,126.9112396639,37.481361666,가로변시간,관악구
120000014,천주교성령봉사회관.등불교회,126.9079578883,37.4807554146,가로변시간,관악구
120000015,KT구로지사,126.9049986272,37.4802646679,가로변시간,관악구
120000016,난곡입구,126.9161388018,37.4819399662,가로변전일,관악구
120000017,남서울중학교.성보중고등학교,126.9210108639,37.4828195546,가로변전일,관악구
120000018,신림사거리.신림역,126.9280626243,37.483817804,일반차로,관악구
120000019,KT&G관악지점,126.936125,37.484533,일반차로,관악구
120000020,봉천역.관악초등학교,126.9431153969,37.4820551447,가로변시간,관악구
120000021,KT관악지점,126.9484610699,37.4814828857,가로변시간,관악구
120000022,서울대입구역1번출구.샤로수길,126.9545837877,37.4803684653,가로변시간,관악구
120000023,낙성대동,126.9573911237,37.4792747849,가로변시간,관악구
120000024,낙성대입구,126.9608874889,37.4778444821,가로변시간,관악구
120000025,인헌중고.서울미술고,126.9666239506,37.4756534429,일반차로,관악구
120000026,예술인마을.사당초등학교,126.9738846758,37.4759368363,일반차로,관악구
120000027,남서울농협남현동지점,126.9773008972,37.476370961,일반차로,관악구
120000028,서울대학교,126.9479522861,37.4667414611,일반차로,관악구
120000029,서울대학교,126.9488427043,37.4668539107,일반차로,관악구
120000030,서울여상.서울문영여중고앞,126.9533001437,37.4731604796,일반차로,관악구
120000031,관악구청,126.9524977507,37.4779819797,일반차로,관악구
120000032,봉천사거리.봉천중앙시장,126.9542258337,37.4828873794,가로변전일,관악구
120000033,봉원중학교.행운동우성아파트,126.9559128703,37.4849010896,가로변시간,관악구
120000034,관악푸르지오아파트,126.9581660971,37.4877034434,일반차로,관악구
120000035,성현동동아아파트,126.957732596,37.488401645,일반차로,관악구
120000036,봉원중학교.행운동우성아파트,126.955335791,37.4848580279,가로변시간,관악구
120000037,봉천사거리.봉천중앙시장,126.9538387042,37.4831545464,일반차로,관악구
120000038,관악구청,126.9521875661,37.4793471271,일반차로,관악구
120000039,관악경찰서.관악소방서,126.952572,37.475253,일반차로,관악구
120000040,서울여상.서울문영여중고앞,126.952845,37.473002,일반차로,관악구
120000041,신림중.삼성고.관악아트홀?도서관,126.944412,37.470352,일반차로,관악구
120000042,서울산업정보학교.삼성교,126.941124806,37.4710142867,일반차로,관악구
120000043,신성초등학교,126.9374233711,37.4710779706,일반차로,관악구
120000044,서울대벤처타운역1번출구,126.933686278,37.473206969,일반차로,관악구
120000045,쑥고개입구,126.9374950813,37.4761917072,일반차로,관악구
120000046,서원역1번출구.신관중학교,126.9323856945,37.4786498144,일반차로,관악구
120000047,신림사거리,126.9300715056,37.4819257882,일반차로,관악구
120000048,신림동별빛거리입구,126.9296319572,37.4858478867,일반차로,관악구
120000049,당곡역.보라매공원.보라매병원,126.9276205633,37.4904418111,일반차로,관악구
120000050,당곡역2번출구.롯데백화점관악점,126.9274852912,37.4900092446,일반차로,관악구
120000051,신림동별빛거리입구,126.929060426,37.4864151799,일반차로,관악구
120000052,신림사거리,126.9296377666,37.482767098,일반차로,관악구
120000053,서원역,126.9327230039,37.4779185578,일반차로,관악구
120000054,서림동주민센터.신화단지,126.9363417324,37.4755291616,일반차로,관악구
120000055,서울대벤처타운역.삼성동시장,126.9329597367,37.4727127526,일반차로,관악구
120000056,대학동고시촌입구,126.938381,37.470538,일반차로,관악구
120000057,서울산업정보학교.삼성교,126.9420276971,37.470573816,일반차로,관악구
120000058,관악산입구.관악아트홀?중앙도서관,126.9468707158,37.4677578665,일반차로,관악구
119000303,당곡역.당곡사거리.롯데백화점,126.9270746638,37.4910041432,일반차로,관악구
120000059,사당역4번출구,126.9813590372,37.4755408508,가로변시간,관악구
120000060,남현동홈플러스앞,126.98253,37.472373,일반차로,관악구
120000061,남태령역,126.987784,37.46557,일반차로,관악구
120000062,낙성대입구,126.9579938257,37.4782931407,일반차로,관악구
120000063,삼성동주민센터,126.9330211856,37.4700056074,일반차로,관악구
120000064,미림고개,126.9319828921,37.4681128919,일반차로,관악구
120000065,미림여고.미림마이스터고등학교,126.931333,37.465641,일반차로,관악구
120000066,신우초등학교,126.93169,37.462487,일반차로,관악구
120000067,삼성산성지,126.929865,37.458825,일반차로,관악구
120000068,산장아파트,126.927725,37.459955,일반차로,관악구
120000069,삼성산주공아파트,126.925109,37.461345,일반차로,관악구
120000070,산복터널.관악산휴먼시아2단지,126.922015,37.458697,일반차로,관악구
120000071,산복터널.관악산휴먼시아2단지,126.9225758449,37.4590812203,일반차로,관악구
120000072,삼성산주공아파트,126.9250910137,37.4611062672,일반차로,관악구
120000073,산장아파트,126.9275003475,37.4597961436,일반차로,관악구
120000074,삼성산성지,126.9298863649,37.4586127523,일반차로,관악구
120000075,신우초등학교,126.9319560545,37.4624107186,일반차로,관악구
120000076,미림여고.미림마이스터고등학교,126.9316212418,37.4651129483,일반차로,관악구
120000077,미림고개.고시촌입구,126.9320992763,37.4677922169,일반차로,관악구
120000078,서울대벤처타운역,126.9335914518,37.4706929498,일반차로,관악구
120000079,쑥고개,126.9403975075,37.478535389,일반차로,관악구
120000080,e편한세상서울대입구아파트,126.9428290096,37.4795321814,일반차로,관악구
120000081,영락고교.영락의료과학고,126.9456223075,37.4792126295,일반차로,관악구
120000082,생모리츠타운,126.947758707,37.479050171,일반차로,관악구
120000083,관악구청,126.9507973533,37.4787271125,일반차로,관악구
120000084,생모리츠타운,126.9476681239,37.4792461009,일반차로,관악구
120000085,영락고교.영락의료과학고,126.9456413962,37.4793964639,일반차로,관악구
120000086,e편한세상서울대입구아파트,126.9429334382,37.4797304539,일반차로,관악구
120000087,쑥고개,126.94012124,37.4786269166,일반차로,관악구
120000088,은천교,126.9358192432,37.4862741791,일반차로,관악구
120000089,봉일시장,126.9387053001,37.4861847891,일반차로,관악구
120000090,은천초등학교,126.9424344854,37.486084336,일반차로,관악구
120000091,두산.벽산아파트.서울관광고등학교,126.945256088,37.4867862492,일반차로,관악구
120000092,현대시장앞,126.947932,37.486735,일반차로,관악구
120000093,관악동부센트레빌아파트앞,126.951997229,37.4862395065,일반차로,관악구
120000094,중앙동성당앞,126.9546624721,37.4858038301,일반차로,관악구
120000095,중앙동성당앞,126.9551938213,37.4859234164,일반차로,관악구
120000096,관악동부센트레빌아파트앞,126.95130163,37.4864744102,일반차로,관악구
120000098,벽산.두산아파트.서울관광고등학교,126.9451745389,37.4869646301,일반차로,관악구
120000099,은천초등학교,126.942448318,37.4863200172,일반차로,관악구
120000100,봉일시장,126.9389872733,37.4862623399,일반차로,관악구
120000101,은천교,126.9355505303,37.4864887267,일반차로,관악구
120000102,신림청소년독서실.신림체육센터,126.914797,37.480922,일반차로,관악구
120000103,난곡우체국사거리,126.915601446,37.4771890136,일반차로,관악구
120000104,신일교회앞.도깨비시장,126.9167650134,37.4754531432,일반차로,관악구
120000105,세이브마트앞,126.918037,37.47385703,일반차로,관악구
120000106,남강중고등학교입구,126.9195218742,37.4722574159,일반차로,관악구
120000107,우림시장.난곡보건분소,126.9200007204,37.4705471261,일반차로,관악구
120000108,난우중학교입구,126.92054078,37.4666919669,일반차로,관악구
120000109,신림복지관앞,126.9196773902,37.4652824875,일반차로,관악구
120000110,신림복지관앞,126.919495,37.465357,일반차로,관악구
120000111,난우중학교입구,126.920348,37.467392,일반차로,관악구
120000112,우림시장.난곡보건분소,126.9197417798,37.470667112,일반차로,관악구
120000113,남강중고등학교입구,126.9191422392,37.4725557947,일반차로,관악구
120000114,세이브마트앞,126.9174336686,37.4739579362,일반차로,관악구
120000115,신일교회앞.도깨비시장,126.916574,37.475399,일반차로,관악구
120000116,난곡우체국사거리,126.9154305767,37.4769808612,일반차로,관악구
120000117,신림청소년독서실.신림체육센터,126.9146624536,37.480315301,일반차로,관악구
120000118,KT구로지사,126.90539986,37.4812745555,일반차로,관악구
120000119,골목시장앞,126.9053800168,37.4815094057,일반차로,관악구
120000120,조원동주민센터,126.9074141948,37.4834358832,일반차로,관악구
120000121,조원동주민센터,126.9070563124,37.483184422,일반차로,관악구
120000122,신대방역,126.9130032118,37.4865794735,일반차로,관악구
120000123,신대방역,126.9126962022,37.4866700184,일반차로,관악구
120000124,보라매공원입구,126.9174897386,37.4891229048,일반차로,관악구
120000125,보라매공원입구,126.9178010867,37.489435269,일반차로,관악구
120000126,보라매파크뷰아파트,126.9220386039,37.4896486343,일반차로,관악구
120000127,롯데관악점,126.9251647188,37.4897262326,일반차로,관악구
120000128,롯데관악점,126.9257070748,37.4901297758,일반차로,관악구
120000129,당곡역,126.9270622168,37.4892995107,일반차로,관악구
120000130,당곡중학교,126.9305421031,37.488084986,일반차로,관악구
120000131,당곡중학교,126.9319168564,37.487948574,일반차로,관악구
120000134,봉현초등학교,126.9554672808,37.4907157496,일반차로,관악구
120000135,동아아파트105동앞,126.955414395,37.49052765,일반차로,관악구
120000137,관악드림타운115동,126.9527938777,37.490522127,일반차로,관악구
120000138,관악드림타운115동,126.9530108571,37.490144527,일반차로,관악구
120000139,관악드림타운북문,126.951276815,37.491600782,일반차로,관악구
120000140,관악드림타운북문,126.9510801201,37.4915440732,일반차로,관악구
120000141,구암중학교,126.9483401995,37.4924641868,일반차로,관악구
120000142,구암중학교,126.9484647078,37.4922862923,일반차로,관악구
120000143,벽산아파트.적십자남부봉사관,126.946532,37.492953,일반차로,관악구
120000144,벽산아파트.적십자남부봉사관,126.9461601934,37.4930533731,일반차로,관악구
120000145,벽산블루밍벽산아파트303동앞,126.944368715,37.4919397992,일반차로,관악구
120000146,구로디지털단지역,126.9026875907,37.4838240234,일반차로,관악구
120000149,현대시장,126.947836543,37.4868811315,일반차로,관악구
120000150,서울대입구역2번출구,126.9527297656,37.4801109505,일반차로,관악구
120000151,신봉초등학교입구,126.9468251624,37.4841900104,일반차로,관악구
120000152,구암초등학교,126.9461216984,37.4891880904,일반차로,관악구
120000153,은천동벽산블루밍아파트105동,126.9458637343,37.4893681933,일반차로,관악구
120000154,은천동두산아파트3단지,126.9465536842,37.484358827,일반차로,관악구
120000155,봉일시장,126.9372434322,37.4850728694,일반차로,관악구
120000156,봉천역,126.942119674,37.4832362109,일반차로,관악구
120000157,현대시장,126.9465909455,37.4876789537,일반차로,관악구
120000158,현대시장,126.9465203946,37.4874402599,일반차로,관악구
120000159,관악우체국.에이치플러스양지병원,126.933156959,37.4848480554,가로변전일,관악구
120000160,관악우체국.에이치플러스양지병원,126.9331482652,37.4844524654,가로변시간,관악구
120000161,보라매삼성아파트.모자원고개,126.9273975559,37.4945144044,일반차로,관악구
120000162,조원힐스테이트뉴포레아파트,126.9061605387,37.4835747238,일반차로,관악구
120000163,관악산휴먼시아.신림푸르지오2차,126.919522697,37.460381143,일반차로,관악구
120000164,관악산휴먼시아아파트1단지입구,126.9219633037,37.4609276261,일반차로,관악구
120000165,관악산휴먼시아아파트1단지입구,126.9216300665,37.4609929949,일반차로,관악구
120000166,난향동주민센터,126.919167,37.461001,일반차로,관악구
120000167,서울대정문,126.9483888926,37.4657347092,일반차로,관악구
120000168,법대.사회대입구,126.948992,37.462798,일반차로,관악구
120000169,자연대.행정관입구,126.9488328413,37.4602745925,일반차로,관악구
120000170,농생대,126.9491669695,37.4571629782,일반차로,관악구
120000171,공대입구,126.9498437849,37.4549310083,일반차로,관악구
120000172,신소재,126.9502261839,37.4534963067,일반차로,관악구
120000173,제2공학관,126.9520772668,37.4487952024,일반차로,관악구
120000174,유회진학술정보관.제1공학관,126.952595,37.451283,일반차로,관악구
120000175,유전공학연구소.반도체공동연구소,126.9539020813,37.4540103657,일반차로,관악구
120000176,교수회관입구,126.9553487986,37.4560708573,일반차로,관악구
120000177,관악사삼거리,126.9567262582,37.4607880575,일반차로,관악구
120000178,국제대학원,126.955263,37.46418,일반차로,관악구
120000179,수의대입구.보건대학원앞,126.954632,37.466119,일반차로,관악구
120000180,경영대.행정대학원,126.952053,37.466135,일반차로,관악구
120000181,경영대.행정대학원,126.951012,37.465863,일반차로,관악구
120000182,수의대입구.보건대학원앞,126.954672,37.465773,일반차로,관악구
120000183,국제대학원,126.954927,37.46371,일반차로,관악구
120000184,관악사삼거리,126.95666,37.460528,일반차로,관악구
120000186,공동기기원,126.9544665701,37.4551189492,일반차로,관악구
120000187,유전공학연구소.반도체공동연구소,126.9535516289,37.4537476916,일반차로,관악구
120000188,에너지자원신기술연구소,126.9522141729,37.4535952522,일반차로,관악구
120000190,공대입구,126.949896448,37.4553640041,일반차로,관악구
120000191,농생대,126.9493877458,37.4571128404,일반차로,관악구
120000192,자연대.행정관입구,126.9489559518,37.4599898135,일반차로,관악구
120000195,문화관입구,126.9494503629,37.4614868493,일반차로,관악구
120000196,법대.사회대입구,126.949075,37.46326,일반차로,관악구
120000197,서울대정문,126.9486357857,37.4653754725,일반차로,관악구
120000198,우방아파트,126.919247,37.489233,일반차로,관악구
120000199,은천성결교회,126.9214262581,37.4883272437,일반차로,관악구
120000200,남부초교후문,126.9226406129,37.4867197461,일반차로,관악구
120000202,봉림교,126.9246318378,37.4849717829,일반차로,관악구
120000203,남부초교후문,126.9222366697,37.4864491785,일반차로,관악구
120000207,청담고시원,126.9399508583,37.4716612193,일반차로,관악구
120000208,우리슈퍼,126.9393706575,37.4722845735,일반차로,관악구
120000209,명호고시원,126.938860909,37.4733194431,일반차로,관악구
120000210,동작마트,126.938356196,37.4742815521,일반차로,관악구
120000211,제일성도교회,126.9404392562,37.4748334585,일반차로,관악구
120000212,삼양슈퍼,126.9420665874,37.4751039806,일반차로,관악구
120000213,금성마트용천사,126.942807788,37.4750292676,일반차로,관악구
120000214,삼양슈퍼,126.9421136493,37.4749343135,일반차로,관악구
120000215,제일성도교회,126.9404789678,37.4746577628,일반차로,관악구
120000216,동작마트,126.9380334582,37.4749391205,일반차로,관악구
120000217,고시촌입구,126.9376643153,37.4705489387,일반차로,관악구
120000218,대학동치안센터,126.9376455022,37.4690418042,일반차로,관악구
120000219,대학동노인정,126.93757,37.46735,일반차로,관악구
120000220,금호타운아파트,126.9376595486,37.4657396064,일반차로,관악구
120000225,금호타운아파트,126.9378291297,37.4657104128,일반차로,관악구
120000226,대학동노인정,126.9376868773,37.4671591135,일반차로,관악구
120000227,대학동치안센터,126.9377735833,37.4689379452,일반차로,관악구
120000228,서울대입구역3번출구,126.9524440164,37.4807005941,일반차로,관악구
120000230,청림동현대아파트,126.957561,37.491334,일반차로,관악구
120000231,청림동현대아파트,126.959384,37.491948,일반차로,관악구
120000233,보성운수기종점,126.9190213265,37.4641267565,일반차로,관악구
120000235,난곡공영차고지,126.918963,37.463938,일반차로,관악구
120000238,제2공학관,126.9521425546,37.4480848677,일반차로,관악구
110000654,건설환경종합연구소앞,126.9496963827,37.4472002497,일반차로,관악구
120000420,봉일시장,126.9372877479,37.4855325313,일반차로,관악구
120000419,보라매공영주차장,126.9342323482,37.4887044852,일반차로,관악구
120000417,당곡중고교,126.9340425015,37.4911229426,일반차로,관악구
120000415,연희빌라,126.9338080186,37.4925826472,일반차로,관악구
120000414,연희빌라,126.9337389141,37.4925289803,일반차로,관악구
120000416,당곡중고교,126.9339322377,37.4911375856,일반차로,관악구
120000418,보라매공영주차장,126.9341339458,37.4887260569,일반차로,관악구
120000421,신림사거리.신림역,126.9282759755,37.4841991011,일반차로,관악구
120000424,신사동주민센터.신사시장,126.917282,37.485534,일반차로,관악구
120000423,건영유치원,126.9145919609,37.4850495896,일반차로,관악구
120000422,신대방역,126.9136841115,37.4864484117,일반차로,관악구
120900115,난곡사거리,126.914462,37.483037,일반차로,관악구
120900204,난곡사거리,126.9142384082,37.4827675299,일반차로,관악구
120000438,신대방역,126.9134840538,37.4863653637,일반차로,관악구
120000437,신사시장.평화교회,126.9138803062,37.4844679227,일반차로,관악구
120000436,신사시장.선한이웃교회,126.9140379945,37.4845275146,일반차로,관악구
120000439,신림청소년독서실.신림체육센터,126.9148713746,37.4804433853,일반차로,관악구
120000446,신사동진양빌딩앞,126.9146115645,37.4876940621,일반차로,관악구
120000445,호림박물관,126.918618871,37.4823672056,일반차로,관악구
120000447,보성운수차고지맞은편,126.9192632133,37.4646708176,일반차로,관악구
120000451,조원아파트,126.90782,37.484088,일반차로,관악구
120000450,성원홈아파트,126.9344142103,37.4902310566,일반차로,관악구
120000449,성원홈아파트,126.9343000164,37.4902039601,일반차로,관악구
120000455,신림빗물펌프장,126.9084,37.484979,일반차로,관악구
120000456,봉천사거리.위버폴리스,126.9535723145,37.4827934095,일반차로,관악구
120000457,서원동승리교앞,126.9299073023,37.4815862804,일반차로,관악구
120000458,서울난향초등학교.난향동주민센터,126.9188888522,37.4627367836,일반차로,관악구
120000459,은천길입구,126.9336112524,37.4866475818,일반차로,관악구
120000664,대학동샘말공원,126.9383464994,37.4651382749,일반차로,관악구
120000665,서울대학교.치과병원.동물병원,126.9520815656,37.4692744185,일반차로,관악구
120000668,서울대학교.치과병원.동물병원,126.951937,37.470034,일반차로,관악구
120000669,신림2교,126.93678,37.477526,일반차로,관악구
120000670,서울대학교,126.9496319032,37.4676609636,일반차로,관악구
119000314,신림역2번출구,126.929897162,37.4833220413,일반차로,관악구
119000315,벽산블루밍아파트종점,126.944636,37.492105,일반차로,관악구
120000673,청림동현대아파트입구,126.957413445,37.4910748741,일반차로,관악구
120900083,아카시아마을.민방위교육장,126.9110629666,37.4720765376,마을버스,관악구
120900082,난향동공영차고지,126.9189072689,37.4634784081,마을버스,관악구
120900081,청림동푸르지오아파트121동앞,126.9606640782,37.4855867055,마을버스,관악구
120900066,보명사.법화사,126.9248318555,37.4760734942,마을버스,관악구
120900080,현대아파트후문,126.9304689235,37.4752551368,마을버스,관악구
120900079,GS편의점.소망유통,126.9686576958,37.4693187251,마을버스,관악구
120900078,국사봉,126.941744,37.491065,마을버스,관악구
120900077,봉천역,126.9409009883,37.4835902775,마을버스,관악구
120900076,뉴서울아파트,126.9111256421,37.4714170168,마을버스,관악구
120900074,푸르지오122동,126.9596641783,37.4860981959,마을버스,관악구
120900065,승산밝은빛교회.구무림비디오,126.9242273045,37.4757279844,마을버스,관악구
120900073,코사마트,126.9302023262,37.4762191632,마을버스,관악구
120900072,인수당약국,126.9681361509,37.4701674287,마을버스,관악구
120900071,벽산아파트후문.만물슈퍼,126.9418503621,37.4907882284,마을버스,관악구
120900175,신협,126.9465737839,37.4831950485,마을버스,관악구
120900068,쌍용아파트후문,126.9117541837,37.4726771928,마을버스,관악구
120900067,관악로입구,126.9580220655,37.4864265271,마을버스,관악구
120900064,한마음슈퍼,126.9234984545,37.4753175115,마을버스,관악구
120900069,미성빌라,126.9302987658,37.4770770731,마을버스,관악구
120900063,우리현대마트,126.9675399492,37.4710782857,마을버스,관악구
120900062,우리슈퍼,126.9421119066,37.4903837611,마을버스,관악구
120900061,두산아파트입구,126.9468248253,37.4847729966,마을버스,관악구
120900060,벽산아파트501동.적십자센터,126.9465804386,37.4929053524,마을버스,관악구
120900059,신라놀이터,126.9125494627,37.4732481844,마을버스,관악구
120900058,충남슈퍼.생각대로통신,126.9227888212,37.4749187609,마을버스,관악구
120900057,혜성세탁소,126.9303876606,37.4776960894,마을버스,관악구
120900056,동인약국.인헌중고입구,126.9669821806,37.4719720293,마을버스,관악구
120900055,수정슈퍼,126.9421010465,37.4898025437,마을버스,관악구
120900054,현대시장,126.9469475848,37.4870735721,마을버스,관악구
120900053,벽산아파트,126.9438938598,37.4922931588,마을버스,관악구
120900052,두영아파트,126.9137749689,37.474298874,마을버스,관악구
120900051,삼성산주공정문,126.914873,37.480443,마을버스,관악구
120900050,서울대입구역2호선,126.9538359816,37.4824664116,마을버스,관악구
120900049,제일교회입구,126.9220871034,37.4745263191,마을버스,관악구
120900048,GS편의점,126.9307709276,37.4785696861,마을버스,관악구
120900047,오리사랑,126.9668389441,37.4737417629,마을버스,관악구
120900046,서울관광고등학교,126.9418663911,37.4890752374,마을버스,관악구
120900045,구암초등학교정문,126.9464345431,37.4881663803,마을버스,관악구
120900044,현대홈타운아파트,126.963367,37.47934,마을버스,관악구
120900043,미성중학교,126.9131844409,37.4755708036,마을버스,관악구
120900042,삼성산주공307동앞,126.9273354547,37.4617159167,마을버스,관악구
120900041,관악프라자,126.954733128,37.4835760192,마을버스,관악구
120900040,남강중고등학교입구,126.9213944256,37.4741455935,마을버스,관악구
120900039,동산교회,126.9298664772,37.4790806784,마을버스,관악구
120900038,인헌연세약국,126.9667445158,37.4750663629,마을버스,관악구
120900037,산성교회,126.9415478054,37.4886722866,마을버스,관악구
120900035,관악센트씨엘정문,126.9460928644,37.4899711367,마을버스,관악구
120900034,낙성대역,126.9624207194,37.4777900122,마을버스,관악구
120900033,라이프아파트,126.9136959114,37.4771733447,마을버스,관악구
120900032,2단지종합상가,126.9263183097,37.4635774095,마을버스,관악구
120900031,애동유치원,126.9202354038,37.4742691695,마을버스,관악구
120900030,서강약국,126.9281244578,37.4794709098,마을버스,관악구
120900029,인헌시장입구,126.9657720013,37.47542833,마을버스,관악구
120900028,경천교회,126.9404796696,37.4880274638,마을버스,관악구
120900027,대학원생활관,126.9573923129,37.4623361202,마을버스,관악구
120900026,성현동주민센터,126.947285,37.489861,마을버스,관악구
120900025,사랑의병원,126.9564304426,37.4796244089,마을버스,관악구
120900024,신림고등학교,126.9160901041,37.4776805895,마을버스,관악구
120900023,203동앞,126.9264976658,37.4644446975,마을버스,관악구
120900022,관악로입구,126.9577948573,37.4862759617,마을버스,관악구
120900021,세이브마트,126.918818829,37.4741762919,마을버스,관악구
120900020,동부아파트,126.9284313945,37.4813012413,마을버스,관악구
120900189,파리바게트.낙성대지하철,126.964376791,37.4761438371,마을버스,관악구
120900019,국회단지입구,126.9393194579,37.4865995241,마을버스,관악구
120900196,학부생활관,126.9580724931,37.4637506192,마을버스,관악구
120900018,구암어린이집.관악센트씨엘108동,126.9476358057,37.4909558362,마을버스,관악구
120900017,낙성대역,126.9626592502,37.4778756928,마을버스,관악구
120900016,난곡터널,126.9183861861,37.4779795626,마을버스,관악구
120900015,광신고등학교.주공1단지,126.927107173,37.4660286495,마을버스,관악구
120900014,우성아파트103동,126.9592457839,37.4860917446,마을버스,관악구
120900013,난우초등학교,126.917730357,37.475947114,마을버스,관악구
120900012,삼모타워앞.건강보험관악지사,126.928399,37.482525,마을버스,관악구
120900011,인헌초등학교,126.962192055,37.4769842505,마을버스,관악구
120900010,은천교앞,126.9358819578,37.4864003668,마을버스,관악구
120900009,BK국제관,126.9578693178,37.4654239013,마을버스,관악구
120900008,관악드림타운2단지,126.9470590155,37.4917149515,마을버스,관악구
120900007,현대홈타운아파트,126.9634796509,37.4791296644,마을버스,관악구
120900194,갑을아파트,126.9220551526,37.4897535048,마을버스,관악구
120900006,신원동치안센터,126.9270325662,37.4790908751,마을버스,관악구
120900197,유완약국.성림교회,126.9300505356,37.4668169248,마을버스,관악구
120900005,행운동우성아파트109동앞,126.9612178671,37.4852903366,마을버스,관악구
120900199,신림고등학교,126.9160754865,37.4778966436,마을버스,관악구
120900200,낙성대입구,126.9599795717,37.4778081338,마을버스,관악구
120900004,신림성모성당앞,126.9326664612,37.4870744065,마을버스,관악구
120900003,가족생활동,126.9577737723,37.4669767456,마을버스,관악구
120900002,롯데백화점,126.9244827354,37.4904278745,마을버스,관악구
120900001,삼성전자,126.931084151,37.4676943096,마을버스,관악구
120900084,신림청소년독서실.신림체육센터,126.9148759246,37.4804996928,마을버스,관악구
120900085,샤로수길입구,126.9575345056,37.4787543427,마을버스,관악구
120900086,관악우체국,126.9341383461,37.4851431932,마을버스,관악구
120900207,신림고등학교,126.9168167167,37.4779810811,마을버스,관악구
120000241,신림사거리.신원시장,126.9273005902,37.483709205,가로변전일,관악구
120900087,삼성동시장,126.931631082,37.4692039821,마을버스,관악구
120900088,난곡사거리,126.9144634448,37.4823011931,마을버스,관악구
120900089,신림역,126.9296506944,37.4854883196,마을버스,관악구
120900090,인헌아파트,126.9612871638,37.468020748,마을버스,관악구
120900091,서울대벤처타운역.삼성동시장입구,126.9332126245,37.4718550422,마을버스,관악구
120900092,동부아파트,126.9282142759,37.4813200328,마을버스,관악구
120900093,낙성대역,126.9648557613,37.4763210574,마을버스,관악구
120900094,당곡역.당곡사거리,126.9287658216,37.4887310522,마을버스,관악구
120900095,서울융합과학교육원,126.9579991818,37.4687224889,마을버스,관악구
120900205,은천교입구,126.9342753266,37.4868362979,마을버스,관악구
120900206,은천교입구,126.9341378486,37.4869017998,마을버스,관악구
120900096,삼성아파트,126.9273819286,37.4945772872,마을버스,관악구
120900195,조원경로당,126.9082699572,37.4835391709,마을버스,관악구
120900097,서강약국,126.9279661565,37.4794735167,마을버스,관악구
120900098,인헌연세약국,126.9668226263,37.4748483171,마을버스,관악구
120900181,낙성대공원.다시가는캠퍼스,126.958771496,37.4722000954,마을버스,관악구
120900099,신도브래뉴.구펭귄아파트,126.9110454762,37.4842112876,마을버스,관악구
120900100,동산교회,126.9299348441,37.4788823374,마을버스,관악구
120900101,오리사랑,126.9666847747,37.4736845489,마을버스,관악구
120900179,봉일시장,126.9386238431,37.4861888116,마을버스,관악구
120000430,낙성대입구,126.9595878517,37.4787451506,일반차로,관악구
120900102,낙성대현대아파트,126.9591501194,37.474872947,마을버스,관악구
120900103,성지빌딩,126.931006962,37.4786931419,마을버스,관악구
120900104,펭귄시장,126.9123577828,37.4835748049,마을버스,관악구
120900105,동인약국.인헌중고입구,126.966851057,37.4719152228,마을버스,관악구
120900106,국회단지입구,126.9394212827,37.486535598,마을버스,관악구
120900182,인헌초등학교,126.959159362,37.4765877555,마을버스,관악구
120900107,난곡사거리,126.9140640456,37.4825153663,마을버스,관악구
120900108,우리현대마트,126.967356777,37.4711205873,마을버스,관악구
120900109,경천교회,126.9405543681,37.4879473031,마을버스,관악구
120900110,낙성대입구,126.9594607468,37.4775168997,마을버스,관악구
120900201,신림체육센터,126.914599382,37.4810130771,마을버스,관악구
120900111,서림동주민센터,126.9349782707,37.4748531074,마을버스,관악구
120900112,인수당약국,126.9677946019,37.4704430749,마을버스,관악구
120900113,산성교회,126.9416010182,37.4885912136,마을버스,관악구
120900114,신원동치안센터,126.9262096749,37.4792256381,마을버스,관악구
120900116,현대아파트109동,126.9333136025,37.4748734803,마을버스,관악구
120900117,개미유통,126.9668428641,37.4699868514,마을버스,관악구
120900118,서울관광고등학교,126.9419749791,37.4890410488,마을버스,관악구
120900119,낙성대역,126.9619751956,37.4770791769,마을버스,관악구
120000431,서울대호암교수회관,126.9583174158,37.4677295812,일반차로,관악구
120900120,관악세무서,126.9245139173,37.4791096883,마을버스,관악구
120900121,난우초등학교,126.9171836708,37.4764738791,마을버스,관악구
120900122,현대아파트106동,126.9325313553,37.4750977377,마을버스,관악구
120900123,세진아파트,126.965980406,37.46963157,마을버스,관악구
120900124,수정슈퍼,126.9421498576,37.489563775,마을버스,관악구
120900183,낙성대입구,126.9591814277,37.4775942987,마을버스,관악구
120000440,구로디지털단지역,126.9029063887,37.4837225722,일반차로,관악구
120000441,구로디지털단지역,126.9058131587,37.4843694138,일반차로,관악구
120900125,난곡터널,126.9192914361,37.4783629038,마을버스,관악구
120000444,난곡종점,126.9192841509,37.4641111686,일반차로,관악구
120900126,세이브마트,126.9185745369,37.4742473112,마을버스,관악구
120000454,봉천역,126.94142738,37.4835908978,일반차로,관악구
120900127,은천아파트,126.9651699485,37.469304232,마을버스,관악구
120900186,우리슈퍼,126.9423212961,37.4901513787,마을버스,관악구
120900184,인헌초등학교,126.9589641387,37.4765250104,마을버스,관악구
120900128,서울대벤처타운역.삼성동시장입구,126.9329810024,37.4716882063,마을버스,관악구
120900129,애동유치원,126.9202106507,37.4741556134,마을버스,관악구
120900180,인헌아파트,126.9616844863,37.4682591544,마을버스,관악구
120000390,롯데백화점관악점,126.9249187647,37.4897440967,일반차로,관악구
120000391,롯데백화점관악점,126.9259813186,37.4900916551,일반차로,관악구
120000392,신림역,126.9329881668,37.4844981452,가로변시간,관악구
120000393,신림역,126.930756,37.484581,가로변전일,관악구
120000394,봉천역,126.9441414845,37.4819948162,가로변전일,관악구
120000395,봉천역,126.9415037433,37.4827120941,가로변시간,관악구
120000396,서울대입구역,126.9514280486,37.4815931763,가로변전일,관악구
120000452,신림2동차고지,126.938321,37.470982,일반차로,관악구
120000453,신림2동차고지,126.9387687412,37.4709277562,일반차로,관악구
120900130,벽산아파트후문.만물슈퍼,126.9418590704,37.4910691188,마을버스,관악구
120900131,낙성대현대아파트,126.9590657284,37.4744250546,마을버스,관악구
120000676,사당역4번출구A,126.9814839831,37.4750015212,일반차로,관악구
120000677,사당역4번출구B,126.9815172875,37.4748085963,일반차로,관악구
120000412,봉천역,126.9417119782,37.4833341181,일반차로,관악구
120900132,관악센트씨엘후문,126.946872,37.491838,마을버스,관악구
120900133,라이프아파트,126.9135636303,37.4771669403,마을버스,관악구
120900134,삼성동시장,126.9314562928,37.4691600126,마을버스,관악구
120900135,남강중고등학교입구,126.9214521515,37.4740843566,마을버스,관악구
120900188,은천아파트,126.9651417407,37.4691834753,마을버스,관악구
120900136,낙성대공원.다시가는캠퍼스,126.958598,37.472483,마을버스,관악구
120900137,구암어린이집.관악센트씨엘108동,126.9475270007,37.4910852873,마을버스,관악구
120900202,미성중학교,126.9130747297,37.4756040638,마을버스,관악구
120900138,삼성전자,126.9310872264,37.467907393,마을버스,관악구
120900139,제일교회입구,126.9221436863,37.4744767955,마을버스,관악구
120900190,세진아파트,126.9659793277,37.469516228,마을버스,관악구
120900140,서울융합과학교육원,126.9579844634,37.4695643624,마을버스,관악구
120900141,성현동주민센터,126.9479869626,37.4900204503,마을버스,관악구
120900142,두영아파트,126.9136488581,37.4743494227,마을버스,관악구
120900198,유완약국.성림교회,126.9300278405,37.4669079232,마을버스,관악구
120900143,충남슈퍼.생각대로통신,126.922852198,37.4748593293,마을버스,관악구
120900191,개미유통,126.966851956,37.4698796222,마을버스,관악구
120900185,호암교수회관,126.9583384812,37.4684563846,마을버스,관악구
120900187,현대시장,126.9466523339,37.4872239236,마을버스,관악구
120900144,신라놀이터,126.9124928566,37.4733130222,마을버스,관악구
120900145,광신고등학교.주공1단지,126.9268060717,37.4655416947,마을버스,관악구
120900146,한마음슈퍼,126.9235493967,37.4752553681,마을버스,관악구
120900147,소망유통,126.9684009967,37.4694700428,마을버스,관악구
120900148,두산아파트,126.9466789803,37.4847359856,마을버스,관악구
120900149,쌍용아파트후문,126.9116693186,37.4727366024,마을버스,관악구
120900150,201동.동신교회,126.9258566348,37.4642155732,마을버스,관악구
120900151,승산밝은빛교회.구무림비디오,126.9242601797,37.4756424004,마을버스,관악구
120900152,군인아파트,126.9686942163,37.4689672354,마을버스,관악구
120900153,호암교수회관,126.957812806,37.4682578356,마을버스,관악구
120900176,신협,126.9464550405,37.4832139179,마을버스,관악구
120900154,뉴서울아파트,126.9110760714,37.4715124546,마을버스,관악구
120900155,3단지종합상가,126.9266500465,37.4632446739,마을버스,관악구
120900156,보명사.법화사,126.9248624752,37.4759816008,마을버스,관악구
120900157,가족생활동,126.9576895289,37.4663611632,마을버스,관악구
120900177,봉천역6번출구,126.9435328569,37.4832131411,마을버스,관악구
120900173,아카시아마을.민방위교육장,126.9111579098,37.4720991366,마을버스,관악구
120900158,삼성산주공307동앞,126.9273070883,37.4618249334,마을버스,관악구
120900159,서울대후문.연구공원,126.9577778409,37.4651042841,마을버스,관악구
120900178,봉천역4번출구,126.9415256749,37.4835860833,마을버스,관악구
120900160,삼성산주공아파트정문,126.9257024646,37.4612183906,마을버스,관악구
120900161,학부생활관,126.957717428,37.4631418278,마을버스,관악구
120900162,대학원생활관,126.9567820806,37.461972752,마을버스,관악구
120900163,기숙사삼거리,126.9567660056,37.4604637077,마을버스,관악구
120900164,제2파워플랜트,126.949695,37.449338,마을버스,관악구
120900165,건설환경종합연구소,126.9497986982,37.4471691607,마을버스,관악구
120900166,보라매노인복지회관,126.9258907075,37.492677921,마을버스,관악구
120900167,신한은행앞.롯데백화점,126.9243299957,37.49052084,마을버스,관악구
120900169,벽산아파트,126.9437182326,37.4923224192,마을버스,관악구
120900174,적십자센터,126.9463609225,37.4930089788,마을버스,관악구
120900170,봉림교,126.9269360965,37.4836879715,마을버스,관악구
120900171,서원치안센터.건강보험관악지사,126.9291589334,37.4819928275,마을버스,관악구
120900172,노천강당,126.9553279623,37.4587949022,마을버스,관악구
120900192,신림역4번출구,126.92886,37.484025,마을버스,관악구
120000678,행정관,126.95022,37.461591,마을버스,관악구
120900203,서원역2번출구.서원동성당앞,126.9344657489,37.4778363867,마을버스,관악구
120000443,신림복지관앞,126.9197650564,37.4653036588,일반차로,관악구
