서비스명,세부종목,접수상태,유무료,장소명,자치구,경도,위도,예약URL,시작시간,종료시간
훈련원공원종합체육관 종합체육관(농구),농구장,접수중,유료,훈련원공원종합체육관 종합체육관,중구,,,https://www.e-junggu.or.kr/fmcs/314?action=list&amp;facilities_type=T&amp;base_date=20260601&amp;center=JUNGGU05&amp;type=&amp;part=03&amp;place=2,,
무학봉체육관(농구장),농구장,접수중,유료,무학봉체육관,중구,,,https://www.e-junggu.or.kr/fmcs/314?action=list&amp;facilities_type=C&amp;base_date=20260601&amp;center=JUNGGU03&amp;type=&amp;part=02&amp;place=7,,
(평일 주간)장충체육관 보조체육관,다목적경기장,접수중,유료,장충체육관,중구,127.00681,37.55822,https://yeyak.seoul.go.kr/web/reservation/selectReservView.do?rsv_svc_id=S240419175232768053,06:00,24:00
"(평일 조/야간, 휴일)장충체육관 보조체육관",다목적경기장,접수중,유료,장충체육관,중구,127.00681,37.55822,https://yeyak.seoul.go.kr/web/reservation/selectReservView.do?rsv_svc_id=S240419181654733887,06:00,24:00
7/16~7/31 장충테니스장 4번코트(평일야간),테니스장,예약마감,유료,장충테니스장,중구,127.00167192962464,37.55400560480704,https://yeyak.seoul.go.kr/web/reservation/selectReservView.do?rsv_svc_id=S260704091720923026,18:00,22:00
7/16~7/31 장충테니스장 7번코트(평일야간),테니스장,예약마감,유료,장충테니스장,중구,127.00167192962464,37.55400560480704,https://yeyak.seoul.go.kr/web/reservation/selectReservView.do?rsv_svc_id=S260704091925637863,18:00,22:00
7/16~7/31 장충테니스장 8번코트(평일야간),테니스장,예약마감,유료,장충테니스장,중구,127.00167192962464,37.55400560480704,https://yeyak.seoul.go.kr/web/reservation/selectReservView.do?rsv_svc_id=S260704092118891754,18:00,22:00
7/16~7/31 장충테니스장 2번코트(평일주간),테니스장,접수중,유료,장충테니스장,중구,127.00167192962464,37.55400560480704,https://yeyak.seoul.go.kr/web/reservation/selectReservView.do?rsv_svc_id=S260704083448207595,06:00,18:00
7/16~7/31 장충테니스장 3번코트(평일주간),테니스장,접수중,유료,장충테니스장,중구,127.00167192962464,37.55400560480704,https://yeyak.seoul.go.kr/web/reservation/selectReservView.do?rsv_svc_id=S260704084107067370,06:00,18:00
7/16~7/31 장충테니스장 4번코트(평일주간),테니스장,접수중,유료,장충테니스장,중구,127.00167192962464,37.55400560480704,https://yeyak.seoul.go.kr/web/reservation/selectReservView.do?rsv_svc_id=S260704084407029614,06:00,18:00
7/16~7/31 장충테니스장 7번코트(평일주간),테니스장,접수중,유료,장충테니스장,중구,127.00167192962464,37.55400560480704,https://yeyak.seoul.go.kr/web/reservation/selectReservView.do?rsv_svc_id=S260704084614948202,06:00,18:00
7/16~7/31 장충테니스장 8번코트(평일주간),테니스장,접수중,유료,장충테니스장,중구,127.00167192962464,37.55400560480704,https://yeyak.seoul.go.kr/web/reservation/selectReservView.do?rsv_svc_id=S260704085424820444,06:00,18:00
7/16~7/31 장충테니스장 9번코트(평일주간),테니스장,접수중,유료,장충테니스장,중구,127.00167192962464,37.55400560480704,https://yeyak.seoul.go.kr/web/reservation/selectReservView.do?rsv_svc_id=S260704085951059874,06:00,18:00
7/16~7/31 장충테니스장 2번코트(평일야간),테니스장,예약마감,유료,장충테니스장,중구,127.00167192962464,37.55400560480704,https://yeyak.seoul.go.kr/web/reservation/selectReservView.do?rsv_svc_id=S260704090347101988,18:00,22:00
7/16~7/31 장충테니스장 3번코트(평일야간),테니스장,예약마감,유료,장충테니스장,중구,127.00167192962464,37.55400560480704,https://yeyak.seoul.go.kr/web/reservation/selectReservView.do?rsv_svc_id=S260704091458714921,18:00,22:00
[서울 중구] 충무스포츠센터 대체육관,체육관,접수중,유료,충무스포츠센터 대체육관,중구,,,https://www.e-junggu.or.kr/fmcs/314?action=list&amp;facilities_type=C&amp;base_date=20260601&amp;center=JUNGGU01&amp;type=&amp;part=08&amp;place=4,,
7/16~7/31 장충테니스장 9번코트(평일야간),테니스장,예약마감,유료,장충테니스장,중구,127.00167192962464,37.55400560480704,https://yeyak.seoul.go.kr/web/reservation/selectReservView.do?rsv_svc_id=S260704092321750721,18:00,22:00
7/16~7/31장충테니스장 2번코트(주말 및 공휴일),테니스장,예약마감,유료,장충테니스장,중구,127.00167192962464,37.55400560480704,https://yeyak.seoul.go.kr/web/reservation/selectReservView.do?rsv_svc_id=S260704092539525582,06:00,22:00
7/16~7/31장충테니스장 3번코트(주말 및 공휴일),테니스장,예약마감,유료,장충테니스장,중구,127.00167192962464,37.55400560480704,https://yeyak.seoul.go.kr/web/reservation/selectReservView.do?rsv_svc_id=S260704095410633671,06:00,22:00
7/16~7/31장충테니스장 4번코트(주말 및 공휴일),테니스장,예약마감,유료,장충테니스장,중구,127.00167192962464,37.55400560480704,https://yeyak.seoul.go.kr/web/reservation/selectReservView.do?rsv_svc_id=S260704095716347750,06:00,22:00
7/16~7/31장충테니스장 7번코트(주말 및 공휴일),테니스장,예약마감,유료,장충테니스장,중구,127.00167192962464,37.55400560480704,https://yeyak.seoul.go.kr/web/reservation/selectReservView.do?rsv_svc_id=S260704095957050457,06:00,22:00
7/16~7/31장충테니스장 8번코트(주말 및 공휴일),테니스장,예약마감,유료,장충테니스장,중구,127.00167192962464,37.55400560480704,https://yeyak.seoul.go.kr/web/reservation/selectReservView.do?rsv_svc_id=S260704100240765608,06:00,22:00
7/16~7/31장충테니스장 9번코트(주말 및 공휴일),테니스장,예약마감,유료,장충테니스장,중구,127.00167192962464,37.55400560480704,https://yeyak.seoul.go.kr/web/reservation/selectReservView.do?rsv_svc_id=S260704100616509259,06:00,22:00
난우공원 테니스장 B코트 (평일주간),테니스장,접수종료,유료,난우공원 테니스장,관악구,126.92267,37.47737,https://yeyak.seoul.go.kr/web/reservation/selectReservView.do?rsv_svc_id=S250520182539872577,10:00,20:00
난우공원 테니스장 B코트 (평일야간),테니스장,접수종료,유료,난우공원 테니스장,관악구,126.92267,37.47737,https://yeyak.seoul.go.kr/web/reservation/selectReservView.do?rsv_svc_id=S250520183134993782,10:00,20:00
"난우공원 테니스장 B코트 (주말,공휴일)",테니스장,접수종료,유료,난우공원 테니스장,관악구,126.92267,37.47737,https://yeyak.seoul.go.kr/web/reservation/selectReservView.do?rsv_svc_id=S250520183447979079,10:00,20:00
[서울 중구] 충무스포츠센터 대체육관(농구),농구장,접수중,유료,충무스포츠센터 농구장,중구,,,https://www.e-junggu.or.kr/fmcs/314?action=list&amp;facilities_type=C&amp;base_date=20260601&amp;center=JUNGGU01&amp;type=&amp;part=08&amp;place=4,,
선우공원테니스장 B코트 평일주간,테니스장,접수중,유료,선우공원,관악구,126.91341,37.46765,https://yeyak.seoul.go.kr/web/reservation/selectReservView.do?rsv_svc_id=S260622095724285258,06:00,18:00
선우공원테니스장 B코트 평일야간,테니스장,예약마감,유료,선우공원,관악구,126.91341,37.46765,https://yeyak.seoul.go.kr/web/reservation/selectReservView.do?rsv_svc_id=S260622181344976980,18:00,20:00
"선우공원테니스장 B코트 주말,공휴일",테니스장,예약마감,유료,선우공원,관악구,126.91341,37.46765,https://yeyak.seoul.go.kr/web/reservation/selectReservView.do?rsv_svc_id=S260622182602317465,06:00,22:00
을지누리 스크린 파크골프장,골프장,접수중,유료(요금안내문의),을지누리 스크린파크골프장,중구,126.99104,37.56662,https://yeyak.seoul.go.kr/web/reservation/selectReservView.do?rsv_svc_id=S260223184514211551,09:00,17:45
함께누리 스크린 파크골프장,골프장,접수중,유료(요금안내문의),함께누리 스크린 파크골프장,중구,127.02279,37.5651,https://yeyak.seoul.go.kr/web/reservation/selectReservView.do?rsv_svc_id=S260225144236585362,10:00,17:00
훈련원공원종합체육관 종합체육관(배구장),배구장,접수중,유료,훈련원공원종합체육관 종합체육관,중구,,,https://www.e-junggu.or.kr/fmcs/314?action=list&amp;facilities_type=T&amp;base_date=20260601&amp;center=JUNGGU05&amp;type=&amp;part=03&amp;place=2,,
무학봉체육관(배구장),배구장,접수중,유료,무학봉체육관,중구,,,https://www.e-junggu.or.kr/fmcs/314?action=list&amp;facilities_type=C&amp;base_date=20260601&amp;center=JUNGGU03&amp;type=&amp;part=02&amp;place=7,,
[서울 중구] 충무스포츠센터 대체육관(배구),배구장,접수중,유료,충무스포츠센터 배구장 중구,중구,,,https://www.e-junggu.or.kr/fmcs/314?action=list&amp;facilities_type=C&amp;base_date=20260601&amp;center=JUNGGU01&amp;type=&amp;part=08&amp;place=4,,
[서울 중구] 충무스포츠센터 대체육관(배드민턴),배드민턴장,접수중,유료,충무스포츠센터 배드민턴장(중구),중구,,,https://www.e-junggu.or.kr/fmcs/314?action=list&amp;facilities_type=C&amp;base_date=20260601&amp;center=JUNGGU01&amp;type=&amp;part=08&amp;place=4,,
훈련원공원종합체육관 종합체육관 지하2층 (배드민턴),배드민턴장,접수중,유료,훈련원공원종합체육관 종합체육관,중구,,,https://www.e-junggu.or.kr/fmcs/314?action=list&amp;facilities_type=T&amp;base_date=20260601&amp;center=JUNGGU05&amp;type=&amp;part=03&amp;place=2,,
무학봉체육관(배드민턴장),배드민턴장,접수중,유료,무학봉체육관,중구,,,https://www.e-junggu.or.kr/fmcs/314?action=list&amp;facilities_type=C&amp;base_date=20260601&amp;center=JUNGGU03&amp;type=&amp;part=02&amp;place=7,,
[서울 중구] 충무스포츠센터 대체육관(족구),족구장,접수중,유료,충무스포츠센터 족구장,중구,,,https://www.e-junggu.or.kr/fmcs/314?action=list&amp;facilities_type=C&amp;base_date=20260601&amp;center=JUNGGU01&amp;type=&amp;part=08&amp;place=4,,
손기정문화체육센터 축구장,축구장,접수중,유료,손기정문화체육센터 축구장,중구,,,https://www.e-junggu.or.kr/fmcs/314?action=list&amp;facilities_type=C&amp;base_date=20260701&amp;center=JUNGGU06&amp;type=&amp;part=08&amp;place=7,,
손기정문화체육센터 테니스장,테니스장,접수중,유료,손기정문화체육센터 테니스장,중구,,,https://www.e-junggu.or.kr/fmcs/314?action=list&amp;facilities_type=C&amp;base_date=20260701&amp;center=JUNGGU06&amp;type=&amp;part=09&amp;place=9,,
훈련원공원종합체육관 종합체육관(풋살장),풋살장,접수중,유료,훈련원공원종합체육관 종합체육관,중구,,,https://www.e-junggu.or.kr/fmcs/314?action=list&amp;facilities_type=T&amp;base_date=20260601&amp;center=JUNGGU05&amp;type=&amp;part=03&amp;place=2,,
충무스포츠센터 스크린 파크골프장,골프장,접수중,유료,충무스포츠센터,중구,,,https://www.e-junggu.or.kr/fmcs/314?action=list&amp;facilities_type=C&amp;base_date=20260101&amp;center=JUNGGU01&amp;type=&amp;part=11&amp;place=14,,
훈련원공원 종합체육관 스크린 파크골프장,골프장,접수중,유료,훈련원공원 종합체육관,중구,,,https://www.e-junggu.or.kr/fmcs/314?action=list&amp;facilities_type=C&amp;base_date=20251231&amp;center=JUNGGU05&amp;type=&amp;part=05&amp;place=3,,
[서울 중구] 충무스포츠센터 수영장,수영장,접수중,유료,충무스포츠센터 수영장,중구,,,https://www.e-junggu.or.kr/fmcs/314?action=list&amp;facilities_type=C&amp;base_date=20260601&amp;center=JUNGGU01&amp;type=&amp;part=02&amp;place=6,,
[서울 중구] 회현체육센터 수영장,수영장,접수중,유료,회현체육센터,중구,,,https://www.e-junggu.or.kr/fmcs/314?action=list&amp;facilities_type=C&amp;base_date=20260201&amp;center=JUNGGU02&amp;type=&amp;part=10&amp;place=8,,
[서울 중구] 충무스포츠센터 소체육관,체육관,접수중,유료,충무스포츠센터 소체육관,중구,,,https://www.e-junggu.or.kr/fmcs/314?action=list&amp;facilities_type=C&amp;base_date=20260601&amp;center=JUNGGU01&amp;type=&amp;part=09&amp;place=2,,
[서울 중구] 충무스포츠센터 다목적체육관1(요가실 등),체육관,접수중,유료,충무스포츠센터 다목적체육관1,중구,,,https://www.e-junggu.or.kr/fmcs/314?action=list&amp;facilities_type=C&amp;base_date=20260601&amp;center=JUNGGU01&amp;type=&amp;part=10&amp;place=3,,
[서울 중구] 충무센터 다목적체육관2(필라테스실 등),체육관,접수중,유료,충무스포츠센터 다목적체육관1,중구,,,https://www.e-junggu.or.kr/fmcs/314?action=list&amp;facilities_type=C&amp;base_date=20260601&amp;center=JUNGGU01&amp;type=&amp;part=10&amp;place=7,,
[서울 중구] 충무스포츠센터 다목적체육관3(댄스 등),체육관,접수중,유료,충무스포츠센터 다목적체육관1,중구,,,https://www.e-junggu.or.kr/fmcs/314?action=list&amp;facilities_type=C&amp;base_date=20260601&amp;center=JUNGGU01&amp;type=&amp;part=10&amp;place=8,,
다목적체육관,체육관,접수중,유료,무학봉체육관 다목적체육관,중구,,,https://www.e-junggu.or.kr/fmcs/314?action=list&amp;facilities_type=C&amp;base_date=20260601&amp;center=JUNGGU03&amp;type=&amp;part=02&amp;place=7,,
훈련원공원종합체육관 다목적체육관,체육관,접수중,유료,훈련원공원종합체육관 다목적체육관,중구,,,https://www.e-junggu.or.kr/fmcs/314?action=list&amp;facilities_type=T&amp;base_date=20260601&amp;center=JUNGGU05&amp;type=&amp;part=02&amp;place=1,,
훈련원공원종합체육관 다목적체육관 1층 (배드민턴),체육관,접수중,유료,훈련원공원종합체육관 다목적체육관,중구,,,https://www.e-junggu.or.kr/fmcs/314?action=list&amp;facilities_type=T&amp;base_date=20260601&amp;center=JUNGGU05&amp;type=&amp;part=02&amp;place=1,,
손기정문화체육센터 생활체육1실(에어로빅 등),체육관,접수중,유료,손기정문화체육센터 생활체육1실(에어로빅 등),중구,,,https://www.e-junggu.or.kr/fmcs/314?action=list&amp;facilities_type=T&amp;base_date=20260701&amp;center=JUNGGU06&amp;type=&amp;part=10&amp;place=10,,
손기정문화체육센터 생활체육2실(요가 등),체육관,접수중,유료,손기정문화체육센터 생활체육2실(요가 등),중구,,,https://www.e-junggu.or.kr/fmcs/314?action=list&amp;facilities_type=T&amp;base_date=20260701&amp;center=JUNGGU06&amp;type=&amp;part=11&amp;place=11,,
[서울 중구] 회현체육센터 다목적실(요가실 등),체육관,접수중,유료,회현체육센터,중구,126.98163,37.55604,https://www.e-junggu.or.kr/fmcs/314?action=list&amp;facilities_type=T&amp;base_date=20260201&amp;center=JUNGGU02&amp;type=&amp;part=09&amp;place=7,,
[서울 중구] 충무스포츠센터 대체육관(탁구),탁구장,접수중,유료,충무스포츠센터 탁구장,중구,,,https://www.e-junggu.or.kr/fmcs/314?action=list&amp;facilities_type=C&amp;base_date=20260601&amp;center=JUNGGU01&amp;type=&amp;part=08&amp;place=4,,
