세그먼트,class_id,운동종목,선호점수비율,클래스참여율,세그먼트참여율,Lift,참여가중인원
노인_남성,노인_남성_LC1,걷기(속보 포함),51.2713,67.4988,59.7826,1.1291,488.0612
노인_남성,노인_남성_LC1,등산,9.1033,15.6865,20.9783,0.7477,113.4237
노인_남성,노인_남성_LC1,"체조(맨손체조, 생활체조)",7.6559,12.6918,10.3261,1.2291,91.7702
노인_남성,노인_남성_LC1,보디빌딩(헬스),5.9756,8.2409,6.9565,1.1846,59.587
노인_남성,노인_남성_LC1,탁구,4.1667,5.4508,5.0,1.0902,39.413
노인_남성,노인_남성_LC1,골프,3.6611,4.9025,5.1087,0.9596,35.4487
노인_남성,노인_남성_LC1,"자전거, 사이클, 산악자전거",3.4986,5.4445,6.1957,0.8788,39.3673
노인_남성,노인_남성_LC1,게이트볼,3.4639,5.0637,4.3478,1.1646,36.6138
노인_남성,노인_남성_LC1,"달리기(조깅, 마라톤 포함)",2.6262,3.8963,3.587,1.0862,28.173
노인_남성,노인_남성_LC1,낚시,1.9693,3.6045,5.6522,0.6377,26.0627
노인_남성,노인_남성_LC1,"수영+아쿠아로빅, 수중발레+수구",1.9524,2.6058,2.0652,1.2618,18.8416
노인_남성,노인_남성_LC1,[구기 및 라켓류] 그 외 종목,1.2824,1.9331,2.3913,0.8084,13.9779
노인_남성,노인_남성_LC1,배드민턴,1.1302,1.9358,2.1739,0.8905,13.9973
노인_남성,노인_남성_LC1,테니스+정구,0.7555,0.9549,0.7609,1.2551,6.9049
노인_남성,노인_남성_LC1,댄스스포츠,0.2553,0.4149,0.3261,1.2723,2.9999
노인_남성,노인_남성_LC1,[체력 단련 및 생활 운동] 그 외 종목,0.2553,0.4148,0.3261,1.272,2.9992
노인_남성,노인_남성_LC1,족구,0.2194,0.2774,0.3261,0.8506,2.0055
노인_남성,노인_남성_LC1,"석궁, 양궁, 국궁",0.1822,0.2764,0.2174,1.2712,1.9982
노인_남성,노인_남성_LC1,줄넘기,0.179,0.2724,0.2174,1.2531,1.9697
노인_남성,노인_남성_LC1,"요가, 필라테스, 태보",0.1459,0.2766,0.2174,1.2723,2.0
노인_남성,노인_남성_LC1,"축구, 풋살",0.1432,0.181,1.3043,0.1387,1.3084
노인_남성,노인_남성_LC1,[무도/격투기] 그 외 종목,0.1073,0.1356,0.1087,1.2478,0.9807
노인_남성,노인_남성_LC2,등산,33.724,40.4078,20.9783,1.9262,79.5763
노인_남성,노인_남성_LC2,걷기(속보 포함),25.9434,31.4517,59.7826,0.5261,61.9388
노인_남성,노인_남성_LC2,낚시,9.2222,13.1706,5.6522,2.3302,25.9373
노인_남성,노인_남성_LC2,"자전거, 사이클, 산악자전거",6.5975,8.9536,6.1957,1.4451,17.6327
노인_남성,노인_남성_LC2,골프,5.0673,5.8656,5.1087,1.1482,11.5513
노인_남성,노인_남성_LC2,"축구, 풋살",4.6947,5.429,1.3043,4.1623,10.6916
노인_남성,노인_남성_LC2,[구기 및 라켓류] 그 외 종목,2.9039,4.0735,2.3913,1.7035,8.0221
노인_남성,노인_남성_LC2,탁구,2.7457,3.3448,5.0,0.669,6.587
노인_남성,노인_남성_LC2,배드민턴,2.1973,3.0481,2.1739,1.4021,6.0027
노인_남성,노인_남성_LC2,"달리기(조깅, 마라톤 포함)",1.9022,2.4511,3.587,0.6833,4.827
노인_남성,노인_남성_LC2,보디빌딩(헬스),1.78,2.2409,6.9565,0.3221,4.413
노인_남성,노인_남성_LC2,게이트볼,1.4678,1.7195,4.3478,0.3955,3.3862
노인_남성,노인_남성_LC2,"체조(맨손체조, 생활체조)",1.1842,1.64,10.3261,0.1588,3.2298
노인_남성,노인_남성_LC2,족구,0.4367,0.505,0.3261,1.5486,0.9945
노인_남성,노인_남성_LC2,"수영+아쿠아로빅, 수중발레+수구",0.0686,0.0804,2.0652,0.0389,0.1584
노인_남성,노인_남성_LC2,테니스+정구,0.0418,0.0483,0.7609,0.0635,0.0951
노인_남성,노인_남성_LC2,줄넘기,0.0133,0.0154,0.2174,0.0708,0.0303
노인_남성,노인_남성_LC2,[무도/격투기] 그 외 종목,0.0085,0.0098,0.1087,0.0901,0.0193
노인_남성,노인_남성_LC2,"석궁, 양궁, 국궁",0.0005,0.0009,0.2174,0.0042,0.0018
노인_남성,노인_남성_LC2,[체력 단련 및 생활 운동] 그 외 종목,0.0002,0.0004,0.3261,0.0012,0.0008
노인_남성,노인_남성_LC2,댄스스포츠,0.0001,0.0001,0.3261,0.0002,0.0001
노인_남성,노인_남성_LC2,"요가, 필라테스, 태보",0.0,0.0,0.2174,0.0,0.0
노인_여성,노인_여성_LC1,걷기(속보 포함),75.4071,90.0887,74.4593,1.2099,344.5797
노인_여성,노인_여성_LC1,"체조(맨손체조, 생활체조)",10.9527,16.5395,14.2122,1.1638,63.2617
노인_여성,노인_여성_LC1,등산,3.519,6.2187,9.9897,0.6225,23.7859
노인_여성,노인_여성_LC1,"요가, 필라테스, 태보",1.7549,2.8476,8.033,0.3545,10.8916
노인_여성,노인_여성_LC1,"수영+아쿠아로빅, 수중발레+수구",1.4627,2.1212,9.4748,0.2239,8.1134
노인_여성,노인_여성_LC1,골프,1.3595,1.5999,1.5448,1.0357,6.1195
노인_여성,노인_여성_LC1,보디빌딩(헬스),1.2458,1.5289,2.4717,0.6186,5.8479
노인_여성,노인_여성_LC1,게이트볼,1.0743,1.5893,2.4717,0.643,6.079
노인_여성,노인_여성_LC1,"자전거, 사이클, 산악자전거",0.7093,0.9919,0.4119,2.4079,3.7939
노인_여성,노인_여성_LC1,훌라후프,0.6648,1.0165,1.1329,0.8973,3.8879
노인_여성,노인_여성_LC1,댄스스포츠,0.435,0.768,1.4418,0.5326,2.9374
노인_여성,노인_여성_LC1,탁구,0.4046,0.5398,0.9269,0.5824,2.0647
노인_여성,노인_여성_LC1,[체력 단련 및 생활 운동] 그 외 종목,0.3434,0.4871,0.4119,1.1825,1.8632
노인_여성,노인_여성_LC1,줄넘기,0.3244,0.5726,0.7209,0.7943,2.1901
노인_여성,노인_여성_LC1,에어로빅,0.1765,0.3706,1.9567,0.1894,1.4175
노인_여성,노인_여성_LC1,"달리기(조깅, 마라톤 포함)",0.1286,0.2271,0.5149,0.441,0.8686
노인_여성,노인_여성_LC1,배드민턴,0.0193,0.0227,1.2358,0.0183,0.0867
노인_여성,노인_여성_LC1,테니스+정구,0.0162,0.0191,0.206,0.0926,0.073
노인_여성,노인_여성_LC1,낚시,0.0019,0.0022,0.206,0.0107,0.0085
노인_여성,노인_여성_LC1,[구기 및 라켓류] 그 외 종목,0.0001,0.0001,0.309,0.0004,0.0004
노인_여성,노인_여성_LC1,[무도/격투기] 그 외 종목,0.0,0.0,0.103,0.0,0.0
노인_여성,노인_여성_LC2,걷기(속보 포함),45.0372,65.0067,74.4593,0.873,245.8075
노인_여성,노인_여성_LC2,"수영+아쿠아로빅, 수중발레+수구",14.6033,19.5768,9.4748,2.0662,74.025
노인_여성,노인_여성_LC2,"요가, 필라테스, 태보",10.968,15.5566,8.033,1.9366,58.8236
노인_여성,노인_여성_LC2,"체조(맨손체조, 생활체조)",9.786,15.9336,14.2122,1.1211,60.2492
노인_여성,노인_여성_LC2,등산,5.2228,9.8577,9.9897,0.9868,37.2746
노인_여성,노인_여성_LC2,보디빌딩(헬스),3.3579,4.6457,2.4717,1.8796,17.5667
노인_여성,노인_여성_LC2,에어로빅,2.7892,3.9515,1.9567,2.0194,14.9417
노인_여성,노인_여성_LC2,게이트볼,1.9885,2.9702,2.4717,1.2017,11.231
노인_여성,노인_여성_LC2,댄스스포츠,1.8259,2.4671,1.4418,1.7111,9.3289
노인_여성,노인_여성_LC2,탁구,1.0933,1.4429,0.9269,1.5567,5.4558
노인_여성,노인_여성_LC2,골프,0.6513,0.8466,1.5448,0.548,3.2013
노인_여성,노인_여성_LC2,훌라후프,0.6457,1.2965,1.1329,1.1445,4.9024
노인_여성,노인_여성_LC2,배드민턴,0.5515,0.774,1.2358,0.6263,2.9265
노인_여성,노인_여성_LC2,"달리기(조깅, 마라톤 포함)",0.5418,0.8092,0.5149,1.5716,3.06
노인_여성,노인_여성_LC2,[체력 단련 및 생활 운동] 그 외 종목,0.2937,0.5623,0.4119,1.3649,2.1261
노인_여성,노인_여성_LC2,테니스+정구,0.2034,0.2644,0.206,1.2835,0.9996
노인_여성,노인_여성_LC2,[구기 및 라켓류] 그 외 종목,0.2016,0.2621,0.309,0.8483,0.991
노인_여성,노인_여성_LC2,낚시,0.1356,0.2645,0.206,1.2839,1.0
노인_여성,노인_여성_LC2,줄넘기,0.0763,0.1488,0.7209,0.2064,0.5625
노인_여성,노인_여성_LC2,"자전거, 사이클, 산악자전거",0.0269,0.0511,0.4119,0.1241,0.1934
노인_여성,노인_여성_LC2,[무도/격투기] 그 외 종목,0.0,0.0,0.103,0.0001,0.0
노인_여성,노인_여성_LC3,걷기(속보 포함),56.1707,63.0336,74.4593,0.8466,132.6128
노인_여성,노인_여성_LC3,등산,14.8495,17.0828,9.9897,1.71,35.9394
노인_여성,노인_여성_LC3,"체조(맨손체조, 생활체조)",5.477,6.887,14.2122,0.4846,14.4891
노인_여성,노인_여성_LC3,"수영+아쿠아로빅, 수중발레+수구",3.9002,4.6875,9.4748,0.4947,9.8617
노인_여성,노인_여성_LC3,배드민턴,3.8562,4.2716,1.2358,3.4564,8.9867
노인_여성,노인_여성_LC3,"요가, 필라테스, 태보",3.5608,3.9379,8.033,0.4902,8.2848
노인_여성,노인_여성_LC3,게이트볼,2.6333,3.1799,2.4717,1.2865,6.69
노인_여성,노인_여성_LC3,골프,2.4692,2.6995,1.5448,1.7475,5.6792
노인_여성,노인_여성_LC3,줄넘기,1.2311,2.0189,0.7209,2.8005,4.2474
노인_여성,노인_여성_LC3,훌라후프,0.9422,1.0503,1.1329,0.9272,2.2097
노인_여성,노인_여성_LC3,에어로빅,0.9402,1.2552,1.9567,0.6415,2.6407
노인_여성,노인_여성_LC3,[구기 및 라켓류] 그 외 종목,0.8733,0.9547,0.309,3.0901,2.0086
노인_여성,노인_여성_LC3,댄스스포츠,0.7538,0.8241,1.4418,0.5716,1.7338
노인_여성,노인_여성_LC3,탁구,0.4947,0.7032,0.9269,0.7587,1.4794
노인_여성,노인_여성_LC3,[무도/격투기] 그 외 종목,0.4348,0.4753,0.103,4.6152,1.0
노인_여성,노인_여성_LC3,낚시,0.4311,0.4713,0.206,2.2882,0.9916
노인_여성,노인_여성_LC3,테니스+정구,0.4032,0.4408,0.206,2.1401,0.9274
노인_여성,노인_여성_LC3,"달리기(조깅, 마라톤 포함)",0.3295,0.5093,0.5149,0.9891,1.0715
노인_여성,노인_여성_LC3,보디빌딩(헬스),0.2408,0.2782,2.4717,0.1126,0.5853
노인_여성,노인_여성_LC3,[체력 단련 및 생활 운동] 그 외 종목,0.0046,0.0051,0.4119,0.0123,0.0107
노인_여성,노인_여성_LC3,"자전거, 사이클, 산악자전거",0.0037,0.006,0.4119,0.0147,0.0127
성인_남성,성인_남성_LC1,"축구, 풋살",17.8965,22.1351,13.9367,1.5883,154.8807
성인_남성,성인_남성_LC1,등산,15.1374,19.903,10.7329,1.8544,139.2626
성인_남성,성인_남성_LC1,걷기(속보 포함),13.8812,18.1624,20.6648,0.8789,127.0834
성인_남성,성인_남성_LC1,"자전거, 사이클, 산악자전거",9.3217,12.0018,7.9696,1.5059,83.977
성인_남성,성인_남성_LC1,[구기 및 라켓류] 그 외 종목,9.1142,12.2401,11.7741,1.0396,85.6451
성인_남성,성인_남성_LC1,골프,7.3289,9.1777,10.012,0.9167,64.2171
성인_남성,성인_남성_LC1,농구,7.0688,8.5837,8.8907,0.9655,60.0607
성인_남성,성인_남성_LC1,"달리기(조깅, 마라톤 포함)",3.1675,4.8774,7.6091,0.641,34.1278
성인_남성,성인_남성_LC1,배드민턴,2.99,3.7791,5.0861,0.743,26.4424
성인_남성,성인_남성_LC1,족구,2.4831,3.3473,2.0825,1.6073,23.4212
성인_남성,성인_남성_LC1,야구+소프트볼,2.4368,2.9962,1.642,1.8248,20.9649
성인_남성,성인_남성_LC1,낚시,2.2727,3.4837,2.2026,1.5816,24.3758
성인_남성,성인_남성_LC1,테니스+정구,2.1675,2.8266,3.1237,0.9049,19.778
성인_남성,성인_남성_LC1,보디빌딩(헬스),1.3768,1.9378,23.9087,0.0811,13.559
성인_남성,성인_남성_LC1,탁구,0.7918,0.9894,3.0036,0.3294,6.923
성인_남성,성인_남성_LC1,"수영+아쿠아로빅, 수중발레+수구",0.6342,0.9663,4.6456,0.208,6.7616
성인_남성,성인_남성_LC1,암벽등반,0.526,0.6738,0.7609,0.8855,4.7146
성인_남성,성인_남성_LC1,[레저 스포츠] 그 외 종목,0.4692,0.7011,0.9211,0.7612,4.906
성인_남성,성인_남성_LC1,"체조(맨손체조, 생활체조)",0.2907,0.5412,1.3616,0.3975,3.7867
성인_남성,성인_남성_LC1,[무도/격투기] 그 외 종목,0.2649,0.4092,2.7633,0.1481,2.8632
성인_남성,성인_남성_LC1,인라인스케이트,0.2182,0.2599,0.2002,1.2981,1.8187
성인_남성,성인_남성_LC1,게이트볼,0.1205,0.1428,0.04,3.566,0.9993
성인_남성,성인_남성_LC1,"육상(걷기, 달리기 제외한 종목)",0.018,0.0215,0.2803,0.0766,0.1502
성인_남성,성인_남성_LC1,"석궁, 양궁, 국궁",0.013,0.0154,0.0801,0.1928,0.1081
성인_남성,성인_남성_LC1,줄넘기,0.0045,0.0078,0.801,0.0098,0.0548
성인_남성,성인_남성_LC1,"요가, 필라테스, 태보",0.0031,0.0102,0.3604,0.0284,0.0715
성인_남성,성인_남성_LC1,훌라후프,0.0018,0.0022,0.1602,0.0135,0.0152
성인_남성,성인_남성_LC1,배구,0.001,0.0017,0.04,0.0429,0.012
성인_남성,성인_남성_LC1,[체력 단련 및 생활 운동] 그 외 종목,0.0,0.0,0.1201,0.0003,0.0003
성인_남성,성인_남성_LC1,승마,0.0,0.0,0.04,0.0004,0.0001
성인_남성,성인_남성_LC2,보디빌딩(헬스),39.1806,54.7207,23.9087,2.2887,377.8353
성인_남성,성인_남성_LC2,걷기(속보 포함),11.2054,18.6718,20.6648,0.9036,128.9247
성인_남성,성인_남성_LC2,"수영+아쿠아로빅, 수중발레+수구",6.1967,9.1888,4.6456,1.978,63.4469
성인_남성,성인_남성_LC2,"달리기(조깅, 마라톤 포함)",5.7107,10.2328,7.6091,1.3448,70.6552
성인_남성,성인_남성_LC2,골프,5.4232,9.0237,10.012,0.9013,62.3067
성인_남성,성인_남성_LC2,[무도/격투기] 그 외 종목,4.0572,5.6545,2.7633,2.0463,39.0433
성인_남성,성인_남성_LC2,배드민턴,3.8259,6.794,5.0861,1.3358,46.9114
성인_남성,성인_남성_LC2,[구기 및 라켓류] 그 외 종목,3.7571,7.7347,11.7741,0.6569,53.4063
성인_남성,성인_남성_LC2,"자전거, 사이클, 산악자전거",3.3441,6.6485,7.9696,0.8342,45.9066
성인_남성,성인_남성_LC2,"축구, 풋살",2.9324,6.1438,13.9367,0.4408,42.4219
성인_남성,성인_남성_LC2,농구,2.7515,5.1963,8.8907,0.5845,35.8791
성인_남성,성인_남성_LC2,등산,2.6818,6.7108,10.7329,0.6253,46.3364
성인_남성,성인_남성_LC2,테니스+정구,2.6313,4.0062,3.1237,1.2825,27.6619
성인_남성,성인_남성_LC2,탁구,2.0821,3.4045,3.0036,1.1335,23.5072
성인_남성,성인_남성_LC2,"요가, 필라테스, 태보",0.6446,0.9467,0.3604,2.6265,6.5366
성인_남성,성인_남성_LC2,줄넘기,0.6292,1.3027,0.801,1.6264,8.9949
성인_남성,성인_남성_LC2,"체조(맨손체조, 생활체조)",0.5431,0.9883,1.3616,0.7258,6.8238
성인_남성,성인_남성_LC2,낚시,0.4909,1.3471,2.2026,0.6116,9.3017
성인_남성,성인_남성_LC2,암벽등반,0.3944,0.6484,0.7609,0.8522,4.4772
성인_남성,성인_남성_LC2,야구+소프트볼,0.3884,0.8368,1.642,0.5097,5.7782
성인_남성,성인_남성_LC2,[레저 스포츠] 그 외 종목,0.2859,0.781,0.9211,0.8479,5.3927
성인_남성,성인_남성_LC2,[체력 단련 및 생활 운동] 그 외 종목,0.2706,0.3711,0.1201,3.0888,2.5624
성인_남성,성인_남성_LC2,족구,0.2472,0.6246,2.0825,0.2999,4.313
성인_남성,성인_남성_LC2,"육상(걷기, 달리기 제외한 종목)",0.1256,0.2935,0.2803,1.0468,2.0262
성인_남성,성인_남성_LC2,인라인스케이트,0.1248,0.2569,0.2002,1.2828,1.7737
성인_남성,성인_남성_LC2,승마,0.0313,0.1286,0.04,3.2115,0.888
성인_남성,성인_남성_LC2,배구,0.0208,0.0427,0.04,1.0674,0.2952
성인_남성,성인_남성_LC2,훌라후프,0.012,0.0164,0.1602,0.1024,0.1133
성인_남성,성인_남성_LC2,"석궁, 양궁, 국궁",0.0111,0.0153,0.0801,0.1916,0.1059
성인_남성,성인_남성_LC2,게이트볼,0.0,0.0,0.04,0.0,0.0
성인_남성,성인_남성_LC3,걷기(속보 포함),18.1537,24.6729,20.6648,1.194,138.0687
성인_남성,성인_남성_LC3,보디빌딩(헬스),16.1907,21.5233,23.9087,0.9002,120.4434
성인_남성,성인_남성_LC3,골프,12.3209,16.6684,10.012,1.6648,93.2757
성인_남성,성인_남성_LC3,[구기 및 라켓류] 그 외 종목,9.5596,14.3008,11.7741,1.2146,80.0269
성인_남성,성인_남성_LC3,"축구, 풋살",5.6458,8.496,13.9367,0.6096,47.5431
성인_남성,성인_남성_LC3,"자전거, 사이클, 산악자전거",5.215,7.919,7.9696,0.9937,44.3144
성인_남성,성인_남성_LC3,등산,5.0731,9.2438,10.7329,0.8613,51.7281
성인_남성,성인_남성_LC3,"달리기(조깅, 마라톤 포함)",5.0652,8.0341,7.6091,1.0558,44.9584
성인_남성,성인_남성_LC3,농구,3.8951,5.4218,8.8907,0.6098,30.3401
성인_남성,성인_남성_LC3,배드민턴,3.3385,4.8473,5.0861,0.9531,27.1254
성인_남성,성인_남성_LC3,"수영+아쿠아로빅, 수중발레+수구",2.9192,4.4722,4.6456,0.9627,25.0263
성인_남성,성인_남성_LC3,테니스+정구,2.4105,3.3347,3.1237,1.0675,18.6606
성인_남성,성인_남성_LC3,탁구,2.4082,3.831,3.0036,1.2755,21.4383
성인_남성,성인_남성_LC3,"체조(맨손체조, 생활체조)",2.1031,2.9911,1.3616,2.1967,16.7383
성인_남성,성인_남성_LC3,낚시,1.0128,2.2267,2.2026,1.0109,12.4607
성인_남성,성인_남성_LC3,암벽등반,0.8096,1.1107,0.7609,1.4596,6.2152
성인_남성,성인_남성_LC3,야구+소프트볼,0.6746,0.9343,1.642,0.569,5.2282
성인_남성,성인_남성_LC3,[무도/격투기] 그 외 종목,0.6272,0.8618,2.7633,0.3119,4.8225
성인_남성,성인_남성_LC3,줄넘기,0.5846,1.0388,0.801,1.297,5.8133
성인_남성,성인_남성_LC3,[레저 스포츠] 그 외 종목,0.5255,1.0,0.9211,1.0857,5.596
성인_남성,성인_남성_LC3,"육상(걷기, 달리기 제외한 종목)",0.4298,0.6293,0.2803,2.2448,3.5216
성인_남성,성인_남성_LC3,족구,0.3145,0.666,2.0825,0.3198,3.7267
성인_남성,성인_남성_LC3,훌라후프,0.2319,0.2953,0.1602,1.8435,1.6526
성인_남성,성인_남성_LC3,"석궁, 양궁, 국궁",0.2017,0.3162,0.0801,3.948,1.7696
성인_남성,성인_남성_LC3,"요가, 필라테스, 태보",0.0994,0.2135,0.3604,0.5923,1.1946
성인_남성,성인_남성_LC3,인라인스케이트,0.0751,0.2071,0.2002,1.0342,1.1588
성인_남성,성인_남성_LC3,[체력 단련 및 생활 운동] 그 외 종목,0.0561,0.0714,0.1201,0.5945,0.3997
성인_남성,성인_남성_LC3,배구,0.0537,0.1026,0.04,2.5619,0.5741
성인_남성,성인_남성_LC3,승마,0.0048,0.0183,0.04,0.4568,0.1024
성인_남성,성인_남성_LC3,게이트볼,0.0001,0.0001,0.04,0.0033,0.0007
성인_남성,성인_남성_LC4,걷기(속보 포함),16.4394,22.2806,20.6648,1.0782,121.9232
성인_남성,성인_남성_LC4,"축구, 풋살",13.3062,18.8507,13.9367,1.3526,103.1542
성인_남성,성인_남성_LC4,농구,13.1576,17.4921,8.8907,1.9675,95.72
성인_남성,성인_남성_LC4,보디빌딩(헬스),12.031,15.5628,23.9087,0.6509,85.1622
성인_남성,성인_남성_LC4,[구기 및 라켓류] 그 외 종목,9.4365,13.6914,11.7741,1.1628,74.9217
성인_남성,성인_남성_LC4,"달리기(조깅, 마라톤 포함)",4.2129,7.357,7.6091,0.9669,40.2586
성인_남성,성인_남성_LC4,골프,4.0436,5.5189,10.012,0.5512,30.2004
성인_남성,성인_남성_LC4,배드민턴,3.3806,4.8465,5.0861,0.9529,26.5208
성인_남성,성인_남성_LC4,[무도/격투기] 그 외 종목,3.1954,4.0699,2.7633,1.4728,22.271
성인_남성,성인_남성_LC4,등산,3.0991,5.6053,10.7329,0.5223,30.6729
성인_남성,성인_남성_LC4,탁구,3.0459,4.2271,3.0036,1.4074,23.1316
성인_남성,성인_남성_LC4,"수영+아쿠아로빅, 수중발레+수구",2.7106,3.7947,4.6456,0.8168,20.7652
성인_남성,성인_남성_LC4,"자전거, 사이클, 산악자전거",2.5078,4.5324,7.9696,0.5687,24.802
성인_남성,성인_남성_LC4,족구,2.5021,3.7534,2.0825,1.8023,20.539
성인_남성,성인_남성_LC4,테니스+정구,1.6423,2.1745,3.1237,0.6961,11.8995
성인_남성,성인_남성_LC4,야구+소프트볼,0.9682,1.6499,1.642,1.0048,9.0287
성인_남성,성인_남성_LC4,낚시,0.8681,1.6194,2.2026,0.7352,8.8618
성인_남성,성인_남성_LC4,[레저 스포츠] 그 외 종목,0.8249,1.2985,0.9211,1.4097,7.1053
성인_남성,성인_남성_LC4,"체조(맨손체조, 생활체조)",0.796,1.2154,1.3616,0.8926,6.6511
성인_남성,성인_남성_LC4,줄넘기,0.657,0.9388,0.801,1.172,5.137
성인_남성,성인_남성_LC4,암벽등반,0.457,0.6566,0.7609,0.8629,3.5929
성인_남성,성인_남성_LC4,훌라후프,0.3236,0.4055,0.1602,2.5313,2.219
성인_남성,성인_남성_LC4,"육상(걷기, 달리기 제외한 종목)",0.1844,0.2379,0.2803,0.8488,1.302
성인_남성,성인_남성_LC4,"요가, 필라테스, 태보",0.1693,0.2188,0.3604,0.607,1.1973
성인_남성,성인_남성_LC4,인라인스케이트,0.0205,0.0455,0.2002,0.227,0.2488
성인_남성,성인_남성_LC4,배구,0.0115,0.0217,0.04,0.5416,0.1187
성인_남성,성인_남성_LC4,[체력 단련 및 생활 운동] 그 외 종목,0.0055,0.0069,0.1201,0.0572,0.0376
성인_남성,성인_남성_LC4,"석궁, 양궁, 국궁",0.0024,0.003,0.0801,0.0375,0.0164
성인_남성,성인_남성_LC4,승마,0.0005,0.0017,0.04,0.0432,0.0095
성인_남성,성인_남성_LC4,게이트볼,0.0,0.0,0.04,0.0,0.0
성인_여성,성인_여성_LC1,"요가, 필라테스, 태보",24.1912,32.3512,20.5962,1.5707,357.0571
성인_여성,성인_여성_LC1,걷기(속보 포함),22.179,32.2538,41.8699,0.7703,355.9824
성인_여성,성인_여성_LC1,보디빌딩(헬스),13.9871,18.6306,12.4661,1.4945,205.6235
성인_여성,성인_여성_LC1,"수영+아쿠아로빅, 수중발레+수구",10.4991,14.5115,10.4336,1.3908,160.1615
성인_여성,성인_여성_LC1,배드민턴,3.7255,5.7679,6.0524,0.953,63.6597
성인_여성,성인_여성_LC1,"체조(맨손체조, 생활체조)",3.1885,5.3088,5.8266,0.9111,58.5926
성인_여성,성인_여성_LC1,"달리기(조깅, 마라톤 포함)",2.7213,5.0939,4.9232,1.0347,56.2209
성인_여성,성인_여성_LC1,등산,2.6724,5.3624,7.8139,0.6863,59.1845
성인_여성,성인_여성_LC1,댄스스포츠,2.0568,2.9086,2.0325,1.431,32.1022
성인_여성,성인_여성_LC1,줄넘기,1.8692,2.9422,3.4779,0.846,32.4732
성인_여성,성인_여성_LC1,골프,1.7867,2.8331,4.2005,0.6745,31.2686
성인_여성,성인_여성_LC1,[무도/격투기] 그 외 종목,1.7759,2.3532,1.2647,1.8607,25.9721
성인_여성,성인_여성_LC1,테니스+정구,1.6943,2.2415,1.8067,1.2407,24.7393
성인_여성,성인_여성_LC1,에어로빅,1.5627,2.2525,1.4905,1.5112,24.861
성인_여성,성인_여성_LC1,탁구,1.4445,1.9942,1.7615,1.1321,22.0093
성인_여성,성인_여성_LC1,"자전거, 사이클, 산악자전거",1.223,2.1982,2.981,0.7374,24.2611
성인_여성,성인_여성_LC1,훌라후프,1.0634,1.9814,2.6649,0.7435,21.8688
성인_여성,성인_여성_LC1,[구기 및 라켓류] 그 외 종목,0.9958,1.7635,2.3939,0.7367,19.4636
성인_여성,성인_여성_LC1,암벽등반,0.4,0.678,0.4968,1.3646,7.4831
성인_여성,성인_여성_LC1,농구,0.3123,0.4328,0.813,0.5324,4.7771
성인_여성,성인_여성_LC1,[체력 단련 및 생활 운동] 그 외 종목,0.1667,0.3042,0.3162,0.9622,3.3577
성인_여성,성인_여성_LC1,족구,0.1089,0.1617,0.271,0.5965,1.7842
성인_여성,성인_여성_LC1,"축구, 풋살",0.0831,0.1302,0.4517,0.2882,1.4368
성인_여성,성인_여성_LC1,배구,0.0791,0.1012,0.4517,0.224,1.1168
성인_여성,성인_여성_LC1,야구+소프트볼,0.0659,0.0889,0.2258,0.3937,0.9813
성인_여성,성인_여성_LC1,[레저 스포츠] 그 외 종목,0.0626,0.1201,0.4517,0.266,1.3259
성인_여성,성인_여성_LC1,낚시,0.048,0.1106,0.1807,0.612,1.2204
성인_여성,성인_여성_LC1,승마,0.0276,0.0528,0.0903,0.5842,0.5825
성인_여성,성인_여성_LC1,게이트볼,0.0065,0.0091,0.0903,0.1009,0.1006
성인_여성,성인_여성_LC1,"육상(걷기, 달리기 제외한 종목)",0.0027,0.0035,0.0903,0.0387,0.0386
성인_여성,성인_여성_LC1,"빙상(아이스하키, 스케이팅 포함)",0.0002,0.0006,0.0452,0.0141,0.007
성인_여성,성인_여성_LC1,인라인스케이트,0.0,0.0,0.1355,0.0001,0.0001
성인_여성,성인_여성_LC2,걷기(속보 포함),39.9852,47.4297,41.8699,1.1328,290.1684
성인_여성,성인_여성_LC2,등산,10.1513,12.927,7.8139,1.6544,79.0858
성인_여성,성인_여성_LC2,배드민턴,6.6223,8.0028,6.0524,1.3223,48.9599
성인_여성,성인_여성_LC2,"요가, 필라테스, 태보",5.7432,6.9972,20.5962,0.3397,42.8079
성인_여성,성인_여성_LC2,"수영+아쿠아로빅, 수중발레+수구",4.9862,5.9468,10.4336,0.57,36.3819
성인_여성,성인_여성_LC2,"달리기(조깅, 마라톤 포함)",4.268,5.7655,4.9232,1.1711,35.2723
성인_여성,성인_여성_LC2,줄넘기,3.2614,4.1706,3.4779,1.1992,25.5152
성인_여성,성인_여성_LC2,골프,3.1828,3.8329,4.2005,0.9125,23.4494
성인_여성,성인_여성_LC2,"자전거, 사이클, 산악자전거",2.5005,3.2313,2.981,1.084,19.7687
성인_여성,성인_여성_LC2,"체조(맨손체조, 생활체조)",2.4577,3.4233,5.8266,0.5875,20.9431
성인_여성,성인_여성_LC2,[구기 및 라켓류] 그 외 종목,2.387,3.098,2.3939,1.2941,18.9532
성인_여성,성인_여성_LC2,보디빌딩(헬스),2.2741,2.7592,12.4661,0.2213,16.8804
성인_여성,성인_여성_LC2,훌라후프,1.8045,2.93,2.6649,1.0995,17.9255
성인_여성,성인_여성_LC2,배구,1.2192,1.4514,0.4517,3.2135,8.8796
성인_여성,성인_여성_LC2,농구,1.1937,1.4394,0.813,1.7705,8.8064
성인_여성,성인_여성_LC2,테니스+정구,1.1835,1.3776,1.8067,0.7625,8.4277
성인_여성,성인_여성_LC2,탁구,0.9973,1.2031,1.7615,0.683,7.3603
성인_여성,성인_여성_LC2,[레저 스포츠] 그 외 종목,0.9676,1.2548,0.4517,2.7782,7.6769
성인_여성,성인_여성_LC2,댄스스포츠,0.9217,1.1978,2.0325,0.5893,7.3278
성인_여성,성인_여성_LC2,에어로빅,0.6797,0.9164,1.4905,0.6148,5.6061
성인_여성,성인_여성_LC2,"축구, 풋살",0.6699,0.7865,0.4517,1.7413,4.8118
성인_여성,성인_여성_LC2,족구,0.4312,0.4989,0.271,1.8408,3.0519
성인_여성,성인_여성_LC2,인라인스케이트,0.4278,0.4903,0.1355,3.6187,2.9999
성인_여성,성인_여성_LC2,야구+소프트볼,0.3933,0.5032,0.2258,2.2284,3.0788
성인_여성,성인_여성_LC2,낚시,0.2412,0.335,0.1807,1.854,2.0492
성인_여성,성인_여성_LC2,[무도/격투기] 그 외 종목,0.2339,0.2753,1.2647,0.2177,1.6841
성인_여성,성인_여성_LC2,[체력 단련 및 생활 운동] 그 외 종목,0.2259,0.2611,0.3162,0.8257,1.5971
성인_여성,성인_여성_LC2,"육상(걷기, 달리기 제외한 종목)",0.1783,0.2043,0.0903,2.2618,1.25
성인_여성,성인_여성_LC2,승마,0.152,0.1797,0.0903,1.9891,1.0993
성인_여성,성인_여성_LC2,암벽등반,0.148,0.195,0.4968,0.3924,1.1928
성인_여성,성인_여성_LC2,게이트볼,0.0975,0.112,0.0903,1.2397,0.6851
성인_여성,성인_여성_LC2,"빙상(아이스하키, 스케이팅 포함)",0.0144,0.0496,0.0452,1.099,0.3037
성인_여성,성인_여성_LC3,걷기(속보 포함),42.3893,56.3362,41.8699,1.3455,280.8493
성인_여성,성인_여성_LC3,보디빌딩(헬스),8.0901,10.7309,12.4661,0.8608,53.4961
성인_여성,성인_여성_LC3,"요가, 필라테스, 태보",7.8111,11.2602,20.5962,0.5467,56.135
성인_여성,성인_여성_LC3,"체조(맨손체조, 생활체조)",6.6811,9.9221,5.8266,1.7029,49.4643
성인_여성,성인_여성_LC3,골프,5.7762,7.6791,4.2005,1.8281,38.282
성인_여성,성인_여성_LC3,"수영+아쿠아로빅, 수중발레+수구",4.5971,6.9117,10.4336,0.6624,34.4566
성인_여성,성인_여성_LC3,등산,3.6462,6.9665,7.8139,0.8916,34.7296
성인_여성,성인_여성_LC3,배드민턴,3.2059,4.2887,6.0524,0.7086,21.3804
성인_여성,성인_여성_LC3,"자전거, 사이클, 산악자전거",3.0713,4.407,2.981,1.4784,21.9701
성인_여성,성인_여성_LC3,줄넘기,2.5221,3.8136,3.4779,1.0965,19.0116
성인_여성,성인_여성_LC3,훌라후프,2.3468,3.8525,2.6649,1.4457,19.2058
성인_여성,성인_여성_LC3,"달리기(조깅, 마라톤 포함)",2.1397,3.5117,4.9232,0.7133,17.5068
성인_여성,성인_여성_LC3,[구기 및 라켓류] 그 외 종목,2.0065,2.9253,2.3939,1.222,14.5832
성인_여성,성인_여성_LC3,탁구,1.2756,1.9318,1.7615,1.0967,9.6304
성인_여성,성인_여성_LC3,테니스+정구,1.0908,1.3706,1.8067,0.7587,6.833
성인_여성,성인_여성_LC3,댄스스포츠,0.7281,1.1173,2.0325,0.5497,5.57
성인_여성,성인_여성_LC3,농구,0.6222,0.8859,0.813,1.0897,4.4165
성인_여성,성인_여성_LC3,"축구, 풋살",0.5001,0.7525,0.4517,1.666,3.7514
성인_여성,성인_여성_LC3,암벽등반,0.3184,0.4662,0.4968,0.9383,2.324
성인_여성,성인_여성_LC3,[체력 단련 및 생활 운동] 그 외 종목,0.2769,0.4102,0.3162,1.2975,2.0451
성인_여성,성인_여성_LC3,에어로빅,0.2478,0.5081,1.4905,0.3409,2.5329
성인_여성,성인_여성_LC3,게이트볼,0.1424,0.2436,0.0903,2.6964,1.2143
성인_여성,성인_여성_LC3,족구,0.1239,0.2335,0.271,0.8614,1.1638
성인_여성,성인_여성_LC3,"육상(걷기, 달리기 제외한 종목)",0.1136,0.1427,0.0903,1.5797,0.7114
성인_여성,성인_여성_LC3,[무도/격투기] 그 외 종목,0.0544,0.069,1.2647,0.0545,0.3438
성인_여성,성인_여성_LC3,[레저 스포츠] 그 외 종목,0.0532,0.2,0.4517,0.4429,0.9973
성인_여성,성인_여성_LC3,야구+소프트볼,0.0501,0.1885,0.2258,0.8348,0.9399
성인_여성,성인_여성_LC3,낚시,0.0479,0.1465,0.1807,0.811,0.7304
성인_여성,성인_여성_LC3,"빙상(아이스하키, 스케이팅 포함)",0.0367,0.1383,0.0452,3.0612,0.6893
성인_여성,성인_여성_LC3,승마,0.0339,0.0638,0.0903,0.7067,0.3183
성인_여성,성인_여성_LC3,배구,0.0006,0.0007,0.4517,0.0016,0.0036
성인_여성,성인_여성_LC3,인라인스케이트,0.0,0.0,0.1355,0.0001,0.0001
